temperature,humidity,motion,gas,aqi,risk_original,risk
44,78,0,1000,500,Danger,Danger
20,84,0,337,485,Safe,Danger
20,75,1,1000,500,Danger,Warning
35,47,0,1000,500,Warning,Danger
37,43,1,1000,500,Danger,Danger
22,43,0,1000,500,Warning,Warning
30,93,0,1000,500,Warning,Danger
20,57,0,1000,500,Warning,Warning
23,90,0,1000,500,Danger,Danger
40,43,1,1000,500,Danger,Danger
23,38,0,1000,500,Warning,Warning
36,50,1,1000,500,Warning,Danger
27,93,1,678,500,Warning,Danger
28,86,0,1000,500,Warning,Danger
23,53,0,1000,500,Warning,Warning
26,55,1,1000,500,Warning,Warning
45,36,0,1000,500,Warning,Danger
29,57,0,1000,500,Warning,Warning
38,61,0,1000,500,Danger,Danger
41,81,1,1000,500,Danger,Danger
32,58,0,1000,293,Warning,Danger
36,53,1,1000,500,Danger,Danger
38,40,0,869,500,Warning,Danger
24,55,0,1000,500,Warning,Warning
44,33,0,1000,500,Warning,Danger
22,71,1,1000,500,Danger,Warning
27,77,1,1000,500,Danger,Warning
34,94,0,1000,500,Warning,Danger
44,65,1,1000,500,Warning,Danger
29,69,1,1000,500,Warning,Warning
29,91,1,1000,500,Danger,Danger
39,37,0,1000,500,Warning,Danger
39,33,1,574,500,Warning,Danger
31,81,1,1000,500,Warning,Danger
35,91,0,1000,500,Danger,Danger
35,44,1,1000,500,Warning,Danger
44,83,1,571,500,Warning,Danger
32,81,1,1000,500,Warning,Danger
20,34,0,1000,500,Warning,Warning
34,47,0,1000,500,Danger,Danger
44,80,0,1000,408,Warning,Danger
23,33,1,1000,500,Warning,Warning
20,83,1,1000,462,Safe,Danger
30,50,0,1000,183,Warning,Danger
39,78,0,1000,500,Danger,Danger
27,38,0,1000,500,Warning,Warning
40,44,1,1000,500,Warning,Danger
26,85,0,1000,500,Danger,Danger
35,57,0,1000,500,Warning,Danger
42,71,1,1000,500,Danger,Danger
41,30,0,1000,457,Warning,Danger
40,80,0,1000,500,Danger,Danger
25,31,1,779,500,Warning,Warning
23,46,0,326,500,Safe,Warning
25,31,1,313,500,Warning,Warning
24,30,0,460,500,Safe,Warning
20,90,1,183,500,Warning,Warning
43,38,0,1000,500,Danger,Danger
26,48,1,1000,500,Danger,Warning
39,32,0,830,500,Warning,Danger
40,37,0,1000,500,Danger,Danger
27,86,1,1000,500,Danger,Danger
27,53,1,654,500,Warning,Warning
39,95,0,1000,500,Danger,Danger
41,34,1,1000,500,Danger,Danger
21,46,1,450,500,Warning,Warning
20,52,1,1000,500,Warning,Warning
22,76,0,1000,500,Warning,Danger
31,71,0,1000,500,Warning,Danger
43,85,0,812,500,Danger,Danger
42,40,1,1000,500,Danger,Danger
43,62,0,1000,252,Warning,Danger
20,70,0,1000,201,Warning,Danger
21,47,1,1000,500,Danger,Warning
35,70,0,270,500,Warning,Danger
38,82,1,1000,500,Warning,Danger
22,42,0,1000,500,Warning,Warning
37,71,1,1000,500,Danger,Danger
32,80,1,198,500,Safe,Danger
22,78,0,1000,500,Warning,Danger
43,66,0,772,500,Warning,Danger
38,75,1,1000,500,Danger,Danger
43,84,1,1000,500,Danger,Danger
42,58,1,1000,500,Warning,Danger
32,54,1,1000,500,Danger,Warning
21,90,0,798,500,Warning,Danger
33,66,1,1000,205,Warning,Danger
36,71,1,1000,445,Warning,Danger
32,54,0,462,245,Safe,Danger
21,95,0,380,500,Safe,Danger
21,65,1,137,394,Safe,Warning
21,41,0,1000,500,Warning,Warning
31,33,0,961,500,Warning,Danger
31,38,0,1000,500,Warning,Danger
29,73,1,551,500,Warning,Warning
45,51,0,1000,500,Danger,Danger
21,38,1,1000,500,Warning,Warning
38,47,1,1000,500,Danger,Danger
37,88,1,1000,154,Warning,Danger
25,33,0,1000,500,Warning,Warning
31,61,0,750,500,Safe,Danger
23,90,1,1000,500,Danger,Danger
41,87,0,1000,104,Warning,Danger
36,53,0,380,500,Safe,Danger
27,69,0,202,500,Safe,Warning
28,48,1,1000,500,Warning,Warning
39,40,0,157,500,Warning,Danger
33,39,1,1000,500,Warning,Warning
42,66,0,244,500,Warning,Danger
33,74,1,1000,500,Danger,Danger
35,41,1,1000,219,Warning,Danger
36,95,0,615,500,Warning,Danger
42,90,1,1000,331,Danger,Danger
21,88,0,1000,259,Warning,Danger
29,40,1,1000,500,Warning,Warning
30,57,1,1000,500,Danger,Warning
32,73,1,1000,500,Danger,Danger
30,58,1,1000,500,Safe,Warning
26,41,0,765,500,Safe,Warning
45,42,1,1000,500,Danger,Danger
44,36,0,1000,500,Warning,Danger
26,50,0,1000,500,Safe,Warning
43,63,0,1000,500,Warning,Danger
39,93,1,1000,500,Danger,Danger
24,74,0,1000,500,Warning,Danger
33,35,0,309,500,Warning,Danger
37,39,1,286,500,Warning,Danger
20,91,0,1000,500,Warning,Danger
24,94,1,762,500,Warning,Danger
30,58,0,205,500,Safe,Warning
29,50,1,1000,500,Warning,Warning
30,62,1,1000,500,Warning,Warning
24,47,1,1000,500,Warning,Warning
42,58,1,1000,500,Danger,Danger
27,89,1,1000,500,Danger,Danger
37,53,1,1000,500,Danger,Danger
31,76,1,452,500,Warning,Danger
22,60,1,1000,500,Warning,Warning
36,54,0,1000,500,Warning,Danger
34,37,1,1000,500,Warning,Warning
42,82,0,209,372,Safe,Danger
37,46,0,1000,500,Warning,Danger
28,50,0,178,500,Safe,Warning
25,45,0,998,500,Safe,Warning
35,82,1,1000,500,Warning,Danger
26,71,0,385,500,Warning,Danger
35,63,1,628,500,Warning,Danger
24,44,0,1000,500,Safe,Warning
45,75,0,1000,500,Danger,Danger
39,62,1,673,500,Warning,Danger
44,70,0,1000,500,Danger,Danger
33,58,0,1000,500,Warning,Danger
26,46,0,1000,500,Warning,Warning
43,40,1,1000,500,Warning,Danger
38,41,0,1000,500,Danger,Danger
20,83,0,1000,500,Warning,Danger
36,41,1,444,500,Warning,Danger
33,94,1,1000,500,Danger,Danger
44,89,0,122,500,Warning,Danger
28,44,0,1000,500,Warning,Warning
25,67,1,1000,500,Warning,Warning
39,90,1,107,500,Danger,Danger
30,47,1,684,500,Warning,Warning
37,41,1,1000,500,Danger,Danger
43,60,0,352,500,Warning,Danger
31,38,1,1000,500,Warning,Warning
27,89,1,1000,500,Danger,Danger
44,31,1,1000,500,Danger,Danger
20,30,1,1000,500,Danger,Warning
44,74,0,1000,500,Danger,Danger
26,41,0,1000,462,Safe,Warning
27,77,0,1000,500,Warning,Danger
43,85,0,775,500,Danger,Danger
20,39,1,1000,500,Warning,Warning
28,76,1,1000,500,Warning,Warning
26,41,0,1000,500,Warning,Warning
31,91,0,1000,500,Danger,Danger
24,57,1,1000,500,Warning,Warning
40,89,1,1000,500,Danger,Danger
34,68,0,1000,500,Danger,Danger
33,87,0,1000,500,Danger,Danger
41,52,1,1000,500,Warning,Danger
24,55,0,334,479,Safe,Warning
22,32,0,277,183,Safe,Warning
27,78,1,1000,500,Warning,Warning
45,32,1,1000,500,Danger,Danger
31,66,0,1000,500,Warning,Danger
36,93,0,784,500,Danger,Danger
35,81,0,1000,500,Danger,Danger
26,86,0,391,500,Warning,Danger
21,80,0,1000,500,Warning,Danger
35,57,1,1000,500,Warning,Danger
30,72,0,1000,500,Warning,Danger
33,88,1,1000,500,Danger,Danger
39,60,0,1000,500,Danger,Danger
35,94,1,448,440,Warning,Danger
23,58,0,1000,500,Warning,Warning
44,39,0,770,500,Safe,Danger
32,88,0,1000,500,Warning,Danger
29,42,0,1000,345,Warning,Warning
31,56,1,1000,500,Warning,Warning
30,35,0,411,500,Safe,Danger
26,94,0,1000,500,Warning,Danger
37,56,0,1000,500,Warning,Danger
43,31,1,1000,500,Danger,Danger
24,59,0,1000,500,Warning,Warning
23,79,1,1000,500,Danger,Warning
31,36,1,1000,500,Warning,Warning
38,44,0,645,500,Warning,Danger
29,70,1,1000,500,Warning,Warning
20,30,1,130,500,Warning,Safe
29,89,0,1000,500,Danger,Danger
33,63,1,852,500,Warning,Warning
43,59,1,1000,500,Danger,Danger
43,71,1,1000,500,Danger,Danger
22,52,0,1000,500,Warning,Warning
32,82,1,1000,500,Warning,Danger
24,46,1,1000,500,Warning,Warning
43,86,0,1000,500,Danger,Danger
30,58,0,1000,500,Warning,Danger
33,94,1,1000,500,Danger,Danger
27,54,1,1000,500,Warning,Warning
22,74,0,1000,500,Warning,Danger
35,72,0,1000,500,Danger,Danger
29,41,0,1000,500,Warning,Warning
27,94,1,1000,500,Warning,Danger
30,79,1,1000,500,Warning,Danger
35,42,1,1000,500,Warning,Danger
26,47,0,1000,500,Warning,Warning
38,45,1,1000,138,Warning,Warning
42,50,1,1000,500,Danger,Danger
22,52,1,1000,500,Warning,Warning
33,48,1,1000,500,Danger,Warning
32,35,1,1000,500,Warning,Warning
24,40,0,714,500,Safe,Warning
29,47,1,1000,500,Warning,Warning
43,90,1,1000,500,Danger,Danger
22,86,0,1000,492,Warning,Danger
34,92,0,1000,500,Danger,Danger
27,65,0,1000,500,Warning,Danger
38,55,0,1000,500,Danger,Danger
30,72,0,1000,401,Warning,Danger
38,47,0,347,210,Safe,Danger
42,72,1,799,500,Danger,Danger
26,86,1,1000,500,Danger,Danger
44,63,0,1000,500,Danger,Danger
23,80,0,1000,500,Warning,Danger
23,70,0,1000,348,Warning,Danger
38,43,0,950,500,Warning,Danger
37,68,1,1000,500,Warning,Danger
27,48,1,1000,500,Danger,Warning
45,33,1,1000,341,Danger,Danger
21,44,0,1000,500,Warning,Warning
22,57,0,1000,500,Warning,Warning
40,57,0,1000,500,Danger,Danger
43,51,0,1000,500,Danger,Danger
20,75,1,850,500,Warning,Warning
28,78,1,1000,500,Warning,Warning
32,68,0,739,500,Warning,Danger
44,85,0,1000,500,Danger,Danger
32,90,0,1000,500,Danger,Danger
31,70,1,1000,500,Danger,Danger
38,73,1,1000,391,Warning,Danger
37,36,1,164,198,Safe,Warning
45,56,0,1000,500,Danger,Danger
33,47,0,1000,500,Warning,Danger
26,59,1,1000,500,Warning,Warning
42,52,0,1000,500,Warning,Danger
34,72,1,1000,500,Warning,Danger
35,90,1,1000,500,Danger,Danger
22,64,0,1000,500,Warning,Warning
26,85,1,1000,500,Danger,Danger
43,59,0,496,500,Warning,Danger
26,58,1,1000,500,Warning,Warning
29,94,1,1000,500,Warning,Danger
23,30,0,1000,500,Warning,Warning
26,85,0,1000,500,Danger,Danger
33,41,1,1000,500,Warning,Warning
37,37,1,1000,500,Warning,Danger
26,36,0,1000,500,Warning,Warning
37,74,0,636,500,Warning,Danger
28,76,0,1000,500,Warning,Danger
24,54,1,1000,500,Warning,Warning
29,41,1,1000,500,Warning,Warning
22,67,1,1000,500,Warning,Warning
34,67,1,1000,500,Danger,Danger
40,70,1,1000,500,Danger,Danger
31,39,1,1000,500,Danger,Warning
22,40,0,1000,277,Warning,Warning
38,69,0,1000,500,Warning,Danger
41,88,1,419,500,Danger,Danger
43,73,0,1000,500,Warning,Danger
36,55,0,737,500,Warning,Danger
28,71,0,1000,500,Warning,Danger
44,60,1,721,500,Warning,Danger
40,75,1,352,145,Warning,Danger
32,41,1,1000,500,Warning,Warning
40,91,0,1000,500,Danger,Danger
33,63,0,1000,500,Warning,Danger
45,66,1,1000,500,Danger,Danger
38,58,1,1000,500,Warning,Danger
43,85,0,1000,500,Danger,Danger
45,50,1,1000,500,Danger,Danger
23,47,1,1000,500,Warning,Warning
43,89,0,383,500,Warning,Danger
41,54,1,346,500,Warning,Danger
32,61,0,562,500,Safe,Danger
26,49,1,1000,500,Danger,Warning
32,62,1,1000,500,Warning,Warning
34,42,1,1000,500,Danger,Warning
22,51,1,883,500,Safe,Warning
27,77,0,1000,500,Warning,Danger
37,84,1,239,500,Warning,Danger
43,43,0,647,176,Safe,Danger
22,37,1,1000,500,Danger,Warning
38,62,1,612,500,Danger,Danger
22,74,1,525,500,Warning,Warning
34,48,0,1000,500,Warning,Danger
28,60,1,1000,500,Warning,Warning
21,87,0,1000,500,Danger,Danger
33,49,0,537,500,Warning,Danger
27,37,0,948,500,Warning,Warning
44,85,0,1000,500,Warning,Danger
44,53,1,1000,500,Danger,Danger
34,60,0,1000,500,Warning,Danger
30,50,0,675,500,Safe,Danger
42,45,0,1000,500,Warning,Danger
44,40,1,996,500,Warning,Danger
29,81,1,1000,500,Warning,Danger
23,89,0,1000,500,Danger,Danger
30,41,0,1000,500,Warning,Danger
29,90,1,1000,500,Danger,Danger
23,58,0,1000,500,Warning,Warning
34,88,1,1000,500,Danger,Danger
23,47,1,896,500,Safe,Warning
31,76,1,1000,500,Danger,Danger
21,85,0,1000,500,Danger,Danger
22,56,1,1000,419,Warning,Warning
42,50,1,456,500,Safe,Danger
23,46,0,530,500,Safe,Warning
35,83,0,1000,500,Warning,Danger
26,63,1,1000,500,Warning,Warning
37,47,0,1000,500,Warning,Danger
22,82,1,527,500,Warning,Danger
34,55,1,990,500,Warning,Warning
43,68,0,1000,500,Danger,Danger
33,84,0,1000,500,Danger,Danger
27,79,0,1000,500,Warning,Danger
33,34,1,1000,438,Warning,Warning
45,38,1,1000,411,Warning,Danger
44,90,0,975,500,Warning,Danger
44,56,0,1000,500,Warning,Danger
26,78,1,916,500,Warning,Warning
42,32,0,377,500,Warning,Danger
30,32,0,1000,500,Warning,Danger
35,91,1,1000,500,Danger,Danger
40,76,1,1000,500,Danger,Danger
41,60,1,880,500,Warning,Danger
44,68,0,1000,500,Danger,Danger
26,78,0,1000,463,Warning,Danger
43,76,1,682,500,Warning,Danger
25,72,0,1000,500,Warning,Danger
38,71,0,1000,500,Danger,Danger
34,34,0,981,500,Warning,Danger
36,74,1,289,386,Safe,Danger
27,30,0,1000,500,Warning,Warning
31,56,1,1000,500,Danger,Warning
34,85,1,369,500,Danger,Danger
20,74,1,823,500,Warning,Warning
21,72,0,950,500,Warning,Danger
25,72,1,1000,500,Warning,Warning
22,39,1,773,500,Warning,Warning
21,62,1,262,500,Warning,Warning
31,59,1,1000,500,Warning,Warning
20,33,0,1000,474,Warning,Warning
30,77,0,1000,500,Warning,Danger
40,38,0,187,500,Warning,Danger
35,92,0,1000,500,Danger,Danger
34,94,1,1000,500,Warning,Danger
30,74,0,1000,500,Warning,Danger
25,40,0,687,500,Safe,Warning
41,35,0,1000,500,Danger,Danger
34,34,1,1000,500,Warning,Warning
43,30,1,1000,500,Danger,Danger
40,35,0,1000,500,Warning,Danger
40,51,0,1000,500,Warning,Danger
28,42,1,1000,500,Warning,Warning
24,80,0,941,500,Warning,Danger
32,48,1,1000,500,Warning,Warning
38,65,1,1000,500,Danger,Danger
40,91,1,1000,500,Danger,Danger
20,68,1,956,500,Warning,Warning
29,78,1,239,500,Warning,Warning
34,48,0,1000,500,Danger,Danger
22,41,0,858,213,Safe,Warning
37,42,1,1000,500,Warning,Danger
37,71,1,1000,500,Danger,Danger
44,50,0,1000,500,Warning,Danger
24,34,0,1000,455,Safe,Warning
45,85,1,1000,500,Danger,Danger
26,80,0,1000,500,Warning,Danger
31,88,1,1000,500,Warning,Danger
29,39,0,1000,500,Warning,Warning
41,68,1,1000,500,Danger,Danger
44,82,1,325,500,Warning,Danger
21,76,1,1000,258,Warning,Warning
32,46,0,1000,500,Warning,Danger
20,73,1,1000,500,Danger,Warning
31,67,1,1000,500,Warning,Danger
36,76,0,1000,500,Warning,Danger
29,94,0,1000,500,Danger,Danger
38,95,0,1000,500,Danger,Danger
32,72,0,1000,500,Warning,Danger
27,66,0,1000,500,Warning,Danger
39,90,1,1000,500,Danger,Danger
43,64,1,902,500,Warning,Danger
37,54,1,1000,500,Danger,Danger
30,76,0,1000,500,Warning,Danger
25,78,0,1000,500,Warning,Danger
22,45,1,1000,500,Warning,Warning
32,79,1,1000,500,Danger,Danger
39,71,0,1000,500,Danger,Danger
41,55,0,1000,500,Danger,Danger
40,31,1,855,500,Warning,Danger
37,45,1,1000,500,Danger,Danger
45,76,0,1000,500,Danger,Danger
44,80,1,504,500,Warning,Danger
27,54,1,1000,500,Warning,Warning
20,77,1,1000,500,Danger,Warning
44,51,0,1000,500,Danger,Danger
45,69,1,180,500,Warning,Danger
35,38,0,1000,500,Warning,Danger
26,79,0,1000,500,Warning,Danger
32,42,1,1000,449,Warning,Warning
41,42,0,1000,500,Danger,Danger
33,57,1,1000,500,Danger,Warning
44,90,1,1000,231,Danger,Danger
40,86,0,1000,500,Danger,Danger
20,58,1,856,500,Warning,Warning
28,40,0,1000,500,Warning,Warning
32,91,1,1000,500,Danger,Danger
31,63,1,1000,500,Warning,Warning
44,66,0,1000,500,Warning,Danger
24,74,0,1000,500,Danger,Danger
33,86,1,1000,500,Danger,Danger
39,37,1,1000,500,Warning,Danger
20,76,1,1000,500,Warning,Warning
36,51,1,430,500,Warning,Danger
30,44,0,451,500,Safe,Danger
21,64,0,1000,380,Safe,Warning
39,80,1,1000,500,Warning,Danger
40,42,0,1000,500,Warning,Danger
29,68,0,998,500,Safe,Danger
26,36,0,757,500,Warning,Warning
21,50,1,1000,500,Warning,Warning
28,60,0,1000,500,Warning,Warning
23,30,0,1000,500,Warning,Warning
24,66,0,553,500,Safe,Danger
35,80,0,1000,500,Warning,Danger
36,52,1,1000,500,Warning,Danger
23,43,1,1000,500,Warning,Warning
40,52,1,165,500,Warning,Warning
31,90,0,1000,500,Warning,Danger
31,88,1,1000,500,Danger,Danger
30,91,1,110,500,Warning,Warning
24,35,0,1000,500,Warning,Warning
21,54,0,1000,500,Safe,Warning
45,95,0,1000,500,Danger,Danger
35,30,1,1000,500,Danger,Danger
23,30,1,1000,500,Warning,Warning
37,78,1,664,500,Warning,Danger
27,44,1,101,448,Safe,Safe
32,67,0,1000,500,Warning,Danger
23,56,0,227,500,Safe,Warning
29,77,1,1000,500,Warning,Warning
21,47,1,1000,296,Warning,Warning
33,44,0,883,500,Safe,Danger
44,63,0,1000,500,Danger,Danger
37,50,0,1000,500,Warning,Danger
22,58,1,240,167,Safe,Warning
32,56,1,619,500,Safe,Warning
32,37,0,1000,500,Warning,Danger
30,74,0,604,500,Warning,Danger
27,47,0,1000,500,Safe,Warning
26,70,0,1000,500,Warning,Danger
32,78,0,1000,191,Warning,Danger
22,55,0,1000,500,Warning,Warning
41,53,0,1000,500,Warning,Danger
42,67,0,1000,271,Warning,Danger
27,57,1,1000,500,Warning,Warning
26,77,1,1000,500,Danger,Warning
36,69,0,1000,500,Danger,Danger
24,81,0,1000,500,Warning,Danger
29,75,0,1000,500,Warning,Danger
34,85,1,1000,500,Danger,Danger
45,65,0,1000,500,Danger,Danger
43,78,1,506,500,Warning,Danger
27,58,0,1000,500,Danger,Warning
24,72,0,1000,500,Danger,Danger
28,88,0,666,500,Warning,Danger
45,40,1,1000,500,Danger,Danger
29,44,0,986,500,Warning,Warning
40,82,1,1000,500,Danger,Danger
35,90,0,1000,500,Danger,Danger
35,50,0,771,500,Warning,Danger
43,84,0,1000,497,Warning,Danger
23,45,0,542,500,Warning,Warning
21,44,1,1000,500,Warning,Warning
37,64,0,1000,500,Warning,Danger
24,80,1,1000,500,Warning,Danger
22,30,0,1000,500,Warning,Warning
22,60,0,1000,500,Warning,Warning
42,43,0,1000,500,Warning,Danger
35,38,1,723,500,Warning,Danger
26,92,0,626,500,Warning,Danger
37,90,0,537,500,Warning,Danger
31,90,1,677,500,Warning,Danger
32,60,1,1000,500,Warning,Warning
45,85,1,853,447,Warning,Danger
45,71,0,307,500,Warning,Danger
26,37,0,1000,500,Warning,Warning
28,54,1,1000,500,Warning,Warning
44,62,0,657,500,Safe,Danger
21,46,1,1000,500,Warning,Warning
23,39,0,519,500,Safe,Warning
38,66,0,614,500,Warning,Danger
34,46,0,1000,328,Warning,Danger
39,40,1,690,500,Warning,Danger
36,57,1,1000,500,Warning,Danger
45,74,0,1000,500,Danger,Danger
25,53,1,1000,500,Warning,Warning
21,78,1,1000,500,Danger,Warning
21,45,1,933,500,Safe,Warning
42,83,0,1000,500,Danger,Danger
35,47,1,1000,500,Warning,Danger
25,71,0,498,500,Warning,Danger
39,33,0,1000,494,Warning,Danger
38,85,1,353,500,Warning,Danger
39,93,1,1000,500,Danger,Danger
39,68,1,123,500,Danger,Warning
26,68,0,1000,500,Warning,Danger
33,69,1,1000,500,Danger,Danger
35,48,0,1000,500,Warning,Danger
39,38,1,1000,500,Danger,Danger
26,35,1,307,500,Warning,Warning
32,39,0,1000,500,Safe,Danger
30,33,1,1000,500,Danger,Warning
30,80,0,1000,500,Warning,Danger
42,31,0,631,500,Warning,Danger
20,52,0,1000,500,Warning,Warning
43,89,1,1000,482,Danger,Danger
23,39,1,1000,500,Warning,Warning
42,94,0,664,234,Warning,Danger
40,70,1,1000,500,Danger,Danger
31,47,0,230,500,Warning,Danger
38,63,0,1000,500,Warning,Danger
39,85,0,1000,500,Danger,Danger
32,59,0,1000,500,Warning,Danger
20,46,0,1000,500,Warning,Warning
34,66,1,1000,146,Warning,Warning
35,69,0,1000,500,Warning,Danger
36,73,0,1000,500,Danger,Danger
24,71,0,1000,500,Warning,Danger
36,69,1,1000,500,Warning,Danger
44,82,0,1000,500,Danger,Danger
40,81,1,1000,500,Warning,Danger
31,42,0,1000,500,Warning,Danger
35,80,0,1000,500,Danger,Danger
35,46,0,848,500,Warning,Danger
42,47,0,1000,500,Warning,Danger
42,63,0,1000,500,Danger,Danger
44,31,1,1000,500,Warning,Danger
43,80,0,1000,500,Danger,Danger
34,52,1,1000,500,Warning,Warning
34,95,0,1000,500,Danger,Danger
36,77,1,1000,500,Warning,Danger
28,67,1,1000,500,Warning,Warning
23,48,1,1000,500,Warning,Warning
28,58,1,1000,500,Warning,Warning
32,48,1,1000,500,Warning,Warning
21,41,1,1000,253,Warning,Warning
29,81,0,1000,500,Danger,Danger
29,84,1,1000,500,Warning,Danger
31,41,1,1000,500,Warning,Warning
24,39,0,1000,500,Warning,Warning
22,64,1,1000,500,Danger,Warning
30,48,1,1000,500,Warning,Warning
33,70,1,1000,500,Danger,Danger
30,63,1,1000,500,Warning,Warning
43,65,0,1000,500,Warning,Danger
42,83,1,1000,500,Warning,Danger
40,82,1,369,500,Warning,Danger
27,66,0,1000,500,Warning,Danger
21,59,0,1000,500,Warning,Warning
36,91,1,1000,500,Warning,Danger
24,51,1,640,500,Warning,Warning
36,35,0,1000,500,Warning,Danger
26,33,0,1000,500,Warning,Warning
34,38,1,1000,500,Warning,Warning
45,44,1,1000,500,Warning,Danger
42,73,0,1000,500,Danger,Danger
31,52,0,777,500,Warning,Danger
31,64,1,1000,500,Warning,Warning
31,89,0,1000,500,Warning,Danger
24,90,0,605,500,Warning,Danger
32,71,1,1000,500,Danger,Danger
27,88,0,1000,500,Danger,Danger
42,61,1,545,500,Warning,Danger
30,70,0,1000,500,Warning,Danger
32,56,1,1000,500,Warning,Warning
42,52,1,1000,500,Danger,Danger
21,90,1,1000,500,Danger,Danger
43,73,0,1000,500,Danger,Danger
33,80,0,1000,500,Warning,Danger
29,42,0,1000,500,Warning,Warning
44,81,1,1000,159,Danger,Danger
31,52,0,589,500,Safe,Danger
29,57,0,1000,500,Warning,Warning
34,67,1,660,500,Warning,Danger
39,45,0,659,500,Safe,Danger
35,54,0,1000,289,Safe,Danger
44,31,0,1000,500,Danger,Danger
28,50,1,1000,500,Danger,Warning
20,77,1,187,500,Warning,Warning
35,87,1,1000,368,Danger,Danger
32,83,1,1000,275,Warning,Danger
37,44,1,1000,107,Warning,Warning
32,52,0,1000,500,Warning,Danger
21,73,0,848,500,Safe,Danger
40,44,0,1000,500,Danger,Danger
20,87,1,713,500,Warning,Danger
35,77,1,1000,500,Danger,Danger
27,50,1,1000,500,Danger,Warning
35,48,0,1000,500,Warning,Danger
29,47,1,1000,500,Warning,Warning
33,47,1,1000,500,Danger,Warning
24,34,0,1000,396,Safe,Warning
29,77,0,1000,500,Warning,Danger
31,95,1,1000,500,Danger,Danger
39,60,1,1000,500,Danger,Danger
39,64,0,1000,500,Warning,Danger
29,53,0,1000,500,Warning,Warning
43,63,1,1000,500,Warning,Danger
33,75,1,1000,500,Danger,Danger
36,45,0,1000,500,Warning,Danger
42,60,0,1000,173,Warning,Danger
27,33,0,1000,500,Warning,Warning
24,42,0,887,500,Warning,Warning
42,65,0,1000,500,Warning,Danger
45,33,1,1000,500,Danger,Danger
24,76,1,1000,500,Danger,Warning
34,80,0,1000,500,Danger,Danger
30,94,0,1000,114,Warning,Danger
23,79,1,1000,500,Warning,Warning
33,82,1,1000,500,Warning,Danger
30,31,1,561,500,Safe,Warning
33,46,0,1000,486,Safe,Danger
45,42,0,1000,500,Danger,Danger
37,66,0,1000,500,Warning,Danger
24,79,0,1000,500,Warning,Danger
40,92,1,1000,500,Danger,Danger
32,36,1,1000,500,Warning,Warning
23,78,0,1000,500,Warning,Danger
31,66,1,1000,500,Warning,Danger
37,94,0,1000,500,Danger,Danger
24,56,0,1000,500,Warning,Warning
22,93,0,1000,500,Warning,Danger
43,71,1,1000,500,Danger,Danger
36,64,1,1000,500,Danger,Danger
42,46,0,1000,500,Warning,Danger
41,88,0,1000,500,Danger,Danger
25,65,1,1000,500,Warning,Warning
31,87,1,1000,500,Danger,Danger
42,94,0,1000,500,Warning,Danger
44,38,1,1000,500,Warning,Danger
42,40,1,1000,500,Danger,Danger
37,35,1,1000,500,Warning,Danger
30,95,0,1000,500,Warning,Danger
22,44,1,1000,500,Warning,Warning
32,33,0,1000,500,Warning,Danger
23,75,0,195,500,Safe,Warning
45,30,1,209,500,Warning,Warning
34,88,1,1000,500,Danger,Danger
23,44,0,1000,500,Warning,Warning
42,63,1,1000,500,Danger,Danger
20,74,1,1000,500,Warning,Warning
40,85,0,411,477,Warning,Danger
29,80,1,1000,500,Danger,Danger
24,79,1,217,500,Safe,Warning
36,75,1,1000,500,Danger,Danger
32,79,0,1000,500,Warning,Danger
31,71,0,1000,500,Warning,Danger
27,53,1,288,500,Safe,Warning
41,72,1,1000,500,Danger,Danger
28,35,1,1000,399,Warning,Warning
29,35,0,1000,500,Warning,Warning
20,95,1,1000,500,Danger,Danger
25,74,1,551,500,Safe,Warning
40,43,1,1000,500,Danger,Danger
25,93,1,1000,500,Warning,Danger
39,87,0,1000,500,Danger,Danger
43,90,0,1000,500,Danger,Danger
27,36,0,1000,500,Warning,Warning
25,66,1,304,500,Warning,Warning
39,77,0,1000,500,Warning,Danger
23,87,0,1000,500,Warning,Danger
22,89,1,1000,470,Warning,Danger
36,77,1,1000,500,Danger,Danger
21,33,1,113,500,Warning,Safe
31,77,1,1000,500,Warning,Danger
30,46,0,1000,500,Warning,Danger
40,54,1,1000,440,Warning,Danger
25,49,0,1000,429,Safe,Warning
40,70,1,1000,500,Danger,Danger
40,75,0,1000,500,Warning,Danger
21,95,0,1000,500,Warning,Danger
22,62,1,171,186,Safe,Warning
35,49,1,1000,500,Warning,Danger
40,53,0,1000,500,Warning,Danger
30,85,0,1000,500,Danger,Danger
22,61,0,698,500,Safe,Warning
25,49,1,522,500,Warning,Warning
28,65,0,1000,138,Warning,Warning
21,64,0,1000,500,Warning,Warning
34,75,1,1000,500,Danger,Danger
27,91,0,1000,500,Warning,Danger
21,32,0,428,500,Safe,Warning
28,49,0,1000,500,Warning,Warning
22,56,0,1000,500,Warning,Warning
27,32,1,502,500,Warning,Warning
27,61,1,1000,204,Warning,Warning
26,42,1,752,500,Warning,Warning
45,47,0,662,108,Safe,Danger
34,83,0,511,430,Safe,Danger
45,74,1,1000,500,Danger,Danger
24,90,0,1000,446,Warning,Danger
32,87,1,1000,119,Warning,Danger
28,87,0,424,471,Safe,Danger
33,59,1,450,500,Warning,Warning
39,56,0,1000,500,Danger,Danger
36,58,1,1000,500,Danger,Danger
20,39,1,1000,500,Warning,Warning
37,35,0,1000,500,Warning,Danger
44,80,0,541,500,Warning,Danger
21,87,1,1000,500,Danger,Danger
44,64,1,1000,500,Danger,Danger
30,38,1,732,500,Warning,Warning
40,84,1,903,199,Warning,Danger
23,81,0,1000,500,Danger,Danger
26,61,1,895,500,Warning,Warning
30,36,0,553,500,Safe,Danger
26,77,0,1000,500,Warning,Danger
44,88,0,402,500,Warning,Danger
32,87,0,1000,500,Warning,Danger
38,64,1,1000,500,Danger,Danger
44,46,1,1000,500,Danger,Danger
31,79,0,1000,284,Warning,Danger
34,58,0,1000,500,Warning,Danger
39,53,1,1000,500,Danger,Danger
22,71,1,1000,500,Warning,Warning
27,80,0,1000,500,Warning,Danger
31,92,0,1000,500,Danger,Danger
44,75,0,1000,500,Danger,Danger
41,58,0,1000,500,Danger,Danger
34,72,1,1000,500,Danger,Danger
41,95,0,1000,500,Danger,Danger
36,73,0,349,500,Warning,Danger
45,94,1,1000,500,Danger,Danger
35,81,1,1000,500,Danger,Danger
26,77,1,1000,500,Warning,Warning
31,55,1,874,500,Safe,Warning
21,73,1,1000,500,Danger,Warning
32,69,1,1000,500,Warning,Danger
39,39,0,610,500,Warning,Danger
28,39,1,891,500,Warning,Warning
24,53,0,706,500,Warning,Warning
24,56,0,1000,500,Warning,Warning
26,87,0,918,181,Safe,Danger
27,92,0,1000,500,Warning,Danger
33,68,1,1000,500,Warning,Danger
43,70,1,1000,318,Warning,Danger
26,30,0,1000,500,Warning,Warning
37,85,0,1000,500,Danger,Danger
39,63,1,176,500,Warning,Warning
22,53,0,1000,256,Warning,Warning
23,58,1,1000,500,Warning,Warning
43,80,0,1000,478,Warning,Danger
31,37,0,1000,500,Warning,Danger
45,46,1,1000,323,Warning,Danger
24,80,1,1000,371,Warning,Danger
29,75,1,1000,500,Danger,Warning
23,39,0,609,500,Safe,Warning
45,82,0,1000,500,Danger,Danger
24,45,0,1000,500,Warning,Warning
34,70,0,148,500,Warning,Danger
41,81,1,1000,500,Danger,Danger
43,37,0,1000,500,Warning,Danger
35,60,1,1000,500,Warning,Danger
30,31,1,504,500,Warning,Warning
32,70,1,1000,500,Warning,Danger
25,45,0,1000,500,Safe,Warning
35,83,1,1000,201,Warning,Danger
21,80,1,390,269,Safe,Danger
26,72,1,1000,500,Warning,Warning
36,85,1,1000,500,Danger,Danger
39,61,1,1000,500,Danger,Danger
40,90,1,1000,500,Danger,Danger
28,38,1,699,500,Warning,Warning
41,83,1,1000,296,Danger,Danger
25,32,0,1000,500,Warning,Warning
28,92,0,1000,500,Warning,Danger
38,51,1,678,500,Safe,Danger
24,40,0,248,500,Safe,Warning
20,69,0,1000,241,Safe,Danger
40,60,1,139,500,Warning,Warning
44,54,0,1000,409,Warning,Danger
22,79,1,446,442,Safe,Warning
42,46,1,1000,500,Danger,Danger
45,90,0,1000,500,Danger,Danger
33,91,1,1000,500,Danger,Danger
26,57,0,1000,411,Safe,Warning
45,94,0,1000,500,Danger,Danger
21,60,1,1000,500,Warning,Warning
37,45,1,1000,500,Warning,Danger
20,77,1,1000,500,Warning,Warning
32,80,1,1000,500,Warning,Danger
32,33,0,1000,500,Warning,Danger
37,36,0,1000,500,Warning,Danger
44,34,1,978,500,Danger,Danger
31,63,1,1000,500,Warning,Warning
20,51,1,1000,500,Warning,Warning
44,89,1,1000,500,Danger,Danger
21,52,1,547,500,Safe,Warning
22,62,1,1000,500,Warning,Warning
26,68,0,910,287,Safe,Danger
27,82,0,146,500,Safe,Danger
33,43,1,1000,500,Danger,Warning
26,60,1,1000,500,Safe,Warning
37,75,1,1000,500,Danger,Danger
21,68,0,1000,155,Safe,Danger
41,55,0,1000,500,Danger,Danger
35,60,1,1000,500,Danger,Danger
21,39,0,1000,433,Safe,Warning
43,51,0,757,500,Warning,Danger
20,85,1,1000,500,Warning,Danger
21,53,0,1000,500,Warning,Warning
21,87,0,1000,500,Danger,Danger
27,32,1,910,500,Warning,Warning
44,62,1,1000,500,Warning,Danger
23,82,0,1000,500,Warning,Danger
36,83,1,1000,500,Danger,Danger
28,63,1,1000,500,Danger,Warning
23,89,1,1000,500,Danger,Danger
34,67,0,1000,500,Warning,Danger
27,83,1,1000,500,Warning,Danger
24,32,0,1000,500,Warning,Warning
37,63,1,107,500,Warning,Warning
34,52,1,178,500,Warning,Warning
41,91,0,1000,500,Danger,Danger
45,90,1,629,500,Danger,Danger
34,94,0,1000,500,Warning,Danger
39,91,1,1000,500,Danger,Danger
21,73,1,1000,500,Warning,Warning
40,41,0,1000,500,Danger,Danger
27,94,1,1000,500,Warning,Danger
29,87,1,1000,500,Danger,Danger
20,40,0,1000,500,Warning,Warning
20,80,0,1000,500,Warning,Danger
33,59,0,1000,500,Warning,Danger
41,44,1,1000,500,Danger,Danger
23,32,0,1000,452,Warning,Warning
32,42,0,1000,319,Safe,Danger
38,83,1,1000,500,Warning,Danger
37,52,1,1000,500,Warning,Danger
38,45,0,686,500,Warning,Danger
45,36,0,1000,500,Warning,Danger
20,53,1,177,116,Safe,Safe
27,84,0,1000,500,Warning,Danger
20,47,0,1000,500,Warning,Warning
26,63,1,284,237,Safe,Warning
41,89,0,1000,500,Danger,Danger
38,34,0,1000,500,Danger,Danger
27,68,0,170,500,Safe,Warning
38,87,1,456,500,Warning,Danger
41,94,0,1000,500,Danger,Danger
28,54,0,1000,500,Warning,Warning
38,64,1,1000,500,Danger,Danger
30,58,1,1000,500,Warning,Warning
45,78,0,933,500,Warning,Danger
30,74,0,420,500,Warning,Danger
42,36,0,792,500,Warning,Danger
36,62,0,1000,500,Warning,Danger
24,36,1,308,500,Safe,Warning
42,75,0,1000,500,Danger,Danger
41,32,1,1000,500,Danger,Danger
34,53,1,560,500,Safe,Warning
42,88,1,1000,500,Danger,Danger
25,78,1,1000,500,Warning,Warning
21,51,1,705,165,Safe,Warning
43,84,0,1000,500,Danger,Danger
40,56,0,1000,500,Warning,Danger
35,82,0,1000,500,Warning,Danger
36,72,0,1000,500,Warning,Danger
20,92,1,1000,143,Warning,Warning
24,47,0,205,500,Safe,Warning
39,63,1,635,500,Warning,Danger
23,59,1,1000,500,Warning,Warning
28,74,1,528,500,Safe,Warning
31,40,1,1000,500,Warning,Warning
30,39,0,1000,238,Warning,Danger
26,56,0,1000,500,Warning,Warning
38,68,1,142,500,Warning,Danger
31,93,0,1000,500,Danger,Danger
34,46,0,1000,500,Warning,Danger
42,38,0,1000,400,Warning,Danger
43,92,1,202,500,Danger,Danger
36,34,1,1000,500,Warning,Danger
21,77,1,1000,500,Danger,Warning
36,77,0,1000,500,Danger,Danger
36,73,1,1000,500,Warning,Danger
41,52,1,1000,500,Warning,Danger
40,87,1,451,500,Danger,Danger
37,30,0,1000,500,Warning,Danger
39,36,0,1000,500,Warning,Danger
27,86,1,1000,500,Danger,Danger
31,52,0,649,500,Warning,Danger
42,51,0,788,500,Warning,Danger
22,90,0,1000,500,Danger,Danger
25,34,0,489,500,Safe,Warning
22,54,1,1000,500,Warning,Warning
31,85,1,1000,500,Danger,Danger
41,60,0,1000,118,Warning,Danger
23,92,1,622,500,Warning,Danger
20,77,0,943,500,Warning,Danger
23,64,1,1000,500,Danger,Warning
24,33,0,803,500,Warning,Warning
20,75,0,1000,500,Warning,Danger
37,74,0,1000,500,Warning,Danger
32,52,0,1000,230,Safe,Danger
45,30,0,1000,500,Warning,Danger
35,64,0,1000,500,Danger,Danger
43,78,0,1000,500,Warning,Danger
40,58,1,1000,500,Danger,Danger
29,94,1,1000,500,Warning,Danger
31,59,1,1000,500,Warning,Warning
30,71,0,235,500,Safe,Danger
23,73,1,1000,500,Danger,Warning
35,90,1,1000,500,Danger,Danger
27,67,1,1000,500,Warning,Warning
34,89,1,986,500,Warning,Danger
40,56,1,1000,500,Danger,Danger
45,51,1,1000,500,Danger,Danger
31,61,1,1000,500,Warning,Warning
24,60,0,1000,270,Warning,Warning
26,51,1,1000,500,Warning,Warning
33,59,1,1000,489,Warning,Warning
35,59,1,653,500,Warning,Danger
30,41,1,287,239,Safe,Warning
28,75,0,430,500,Safe,Danger
34,52,1,1000,500,Danger,Warning
22,60,1,1000,500,Warning,Warning
23,51,0,1000,500,Safe,Warning
27,45,1,922,500,Warning,Warning
29,71,0,631,500,Warning,Danger
24,39,0,238,500,Safe,Warning
35,44,0,871,500,Warning,Danger
39,78,0,1000,500,Danger,Danger
33,54,1,1000,500,Danger,Warning
37,87,1,1000,500,Danger,Danger
36,82,1,1000,500,Danger,Danger
28,63,0,1000,500,Warning,Warning
26,76,1,1000,500,Warning,Warning
30,59,0,1000,500,Warning,Danger
34,70,0,268,500,Warning,Danger
38,67,0,584,500,Warning,Danger
23,51,1,1000,458,Warning,Warning
35,54,0,1000,500,Danger,Danger
22,40,1,391,500,Warning,Warning
22,70,0,598,500,Safe,Danger
32,32,0,341,500,Safe,Danger
35,93,0,1000,500,Danger,Danger
38,80,1,1000,500,Danger,Danger
22,36,1,1000,500,Warning,Warning
42,88,1,1000,500,Danger,Danger
27,83,1,1000,500,Warning,Danger
45,74,1,1000,500,Danger,Danger
43,38,0,1000,500,Danger,Danger
31,36,0,1000,500,Safe,Danger
38,88,1,1000,500,Danger,Danger
32,41,1,107,500,Safe,Warning
33,74,0,1000,500,Warning,Danger
33,64,1,250,500,Warning,Warning
24,58,1,1000,219,Warning,Warning
34,83,0,1000,500,Danger,Danger
39,43,0,349,500,Warning,Danger
27,58,1,599,385,Safe,Warning
26,41,0,1000,500,Warning,Warning
25,31,1,650,500,Warning,Warning
41,76,1,1000,500,Danger,Danger
31,68,0,1000,500,Safe,Danger
20,66,1,1000,500,Warning,Warning
29,80,0,1000,500,Danger,Danger
34,95,1,1000,500,Warning,Danger
44,63,0,561,500,Warning,Danger
43,88,1,1000,500,Danger,Danger
22,74,0,620,500,Safe,Danger
41,71,1,1000,500,Danger,Danger
22,90,1,657,171,Warning,Danger
36,89,0,1000,500,Danger,Danger
28,43,0,616,500,Safe,Warning
41,80,1,1000,500,Danger,Danger
33,66,0,1000,500,Warning,Danger
32,83,0,931,500,Warning,Danger
30,86,0,1000,500,Danger,Danger
34,80,1,1000,500,Danger,Danger
32,86,1,1000,500,Warning,Danger
36,94,0,1000,500,Danger,Danger
28,83,0,608,500,Safe,Danger
24,57,0,1000,500,Warning,Warning
35,88,1,1000,500,Danger,Danger
31,56,1,1000,500,Warning,Warning
36,74,1,1000,500,Danger,Danger
33,73,0,1000,500,Warning,Danger
45,90,0,644,348,Warning,Danger
33,81,0,1000,500,Warning,Danger
29,44,0,1000,500,Warning,Warning
24,48,1,1000,500,Warning,Warning
26,79,0,1000,500,Warning,Danger
35,68,0,328,500,Warning,Danger
29,57,0,1000,500,Safe,Warning
27,30,0,1000,295,Safe,Warning
32,76,1,864,107,Safe,Warning
29,58,0,1000,500,Warning,Warning
25,93,1,1000,500,Danger,Danger
41,70,1,1000,500,Danger,Danger
25,31,0,1000,500,Warning,Warning
37,61,0,479,500,Warning,Danger
21,83,0,1000,500,Warning,Danger
37,88,1,1000,500,Danger,Danger
45,90,0,1000,500,Danger,Danger
45,37,0,1000,500,Warning,Danger
45,62,0,1000,500,Warning,Danger
25,91,1,105,293,Safe,Warning
28,34,1,1000,500,Warning,Warning
25,84,1,1000,500,Warning,Danger
31,57,0,1000,500,Warning,Danger
21,42,1,467,500,Safe,Warning
22,36,0,1000,500,Warning,Warning
42,63,1,1000,277,Warning,Danger
25,38,1,1000,500,Warning,Warning
21,68,0,1000,500,Warning,Danger
29,52,1,1000,385,Safe,Warning
24,62,0,260,500,Safe,Warning
33,75,0,1000,500,Warning,Danger
42,85,1,1000,122,Danger,Danger
43,58,1,1000,500,Warning,Danger
25,90,0,1000,500,Warning,Danger
35,48,0,1000,500,Warning,Danger
44,73,1,544,500,Warning,Danger
39,42,0,1000,377,Warning,Danger
32,45,1,1000,500,Danger,Warning
44,50,0,1000,500,Danger,Danger
27,87,0,1000,500,Danger,Danger
23,56,1,1000,500,Safe,Warning
38,40,0,1000,500,Danger,Danger
20,94,0,1000,500,Danger,Danger
39,60,1,1000,101,Warning,Warning
28,37,1,374,215,Safe,Warning
26,35,0,668,500,Warning,Warning
36,41,0,1000,500,Warning,Danger
28,47,0,167,500,Safe,Warning
37,49,1,1000,324,Warning,Danger
40,41,1,1000,500,Danger,Danger
33,40,1,1000,317,Warning,Warning
23,82,1,1000,500,Warning,Danger
28,33,1,1000,500,Warning,Warning
44,48,1,666,500,Warning,Danger
27,90,1,1000,500,Warning,Danger
23,66,0,1000,500,Warning,Danger
35,73,0,1000,500,Danger,Danger
29,73,0,1000,500,Warning,Danger
22,62,0,1000,500,Warning,Warning
41,48,1,1000,500,Warning,Danger
44,39,0,1000,500,Danger,Danger
42,41,0,1000,500,Warning,Danger
24,72,1,1000,500,Warning,Warning
26,78,0,914,500,Warning,Danger
31,46,1,1000,500,Warning,Warning
39,67,0,270,500,Warning,Danger
38,54,1,1000,500,Warning,Danger
43,73,0,1000,500,Danger,Danger
36,88,0,540,500,Warning,Danger
43,46,0,746,500,Warning,Danger
31,41,1,1000,500,Warning,Warning
42,76,1,1000,500,Danger,Danger
23,83,0,1000,500,Warning,Danger
39,83,1,1000,500,Danger,Danger
22,91,0,511,500,Warning,Danger
38,32,0,473,500,Warning,Danger
34,60,0,1000,500,Warning,Danger
43,30,1,190,500,Warning,Warning
28,86,1,1000,500,Danger,Danger
30,53,0,1000,468,Safe,Danger
28,53,0,1000,500,Warning,Warning
30,45,0,1000,500,Safe,Danger
28,35,0,1000,500,Safe,Warning
21,73,1,1000,500,Danger,Warning
43,94,0,1000,500,Warning,Danger
22,94,1,1000,500,Warning,Danger
21,66,0,1000,500,Warning,Danger
43,52,0,1000,500,Warning,Danger
32,65,1,1000,500,Danger,Danger
38,50,1,1000,500,Danger,Danger
33,51,0,776,149,Warning,Warning
26,63,0,1000,500,Warning,Warning
37,53,0,588,293,Safe,Danger
23,36,0,1000,500,Warning,Warning
21,63,1,1000,500,Warning,Warning
35,53,1,1000,420,Warning,Danger
24,82,1,1000,500,Warning,Danger
39,34,0,1000,500,Danger,Danger
41,46,1,1000,500,Warning,Danger
34,86,0,1000,500,Warning,Danger
28,44,0,1000,500,Warning,Warning
39,47,0,1000,308,Warning,Danger
35,73,0,1000,500,Danger,Danger
43,33,1,923,500,Warning,Danger
21,60,1,682,422,Safe,Warning
39,64,1,1000,500,Danger,Danger
42,85,1,1000,500,Danger,Danger
32,43,1,1000,500,Warning,Warning
33,84,1,693,500,Warning,Danger
40,82,1,576,197,Warning,Danger
40,90,1,1000,500,Danger,Danger
32,93,1,730,500,Warning,Danger
41,84,0,1000,500,Danger,Danger
43,63,1,1000,500,Warning,Danger
23,86,1,1000,499,Danger,Danger
39,70,0,586,500,Warning,Danger
28,35,0,1000,500,Warning,Warning
32,58,0,1000,500,Warning,Danger
28,57,0,1000,500,Warning,Warning
36,89,1,1000,500,Danger,Danger
36,44,1,1000,500,Danger,Danger
31,77,1,1000,500,Danger,Danger
29,94,0,852,500,Warning,Danger
31,55,0,1000,500,Warning,Danger
30,79,1,1000,500,Danger,Danger
27,51,0,1000,500,Warning,Warning
20,88,1,1000,500,Danger,Danger
27,58,1,1000,500,Warning,Warning
36,34,1,1000,500,Warning,Danger
23,63,1,1000,108,Safe,Warning
29,94,1,1000,500,Warning,Danger
24,82,1,1000,500,Danger,Danger
36,86,1,1000,500,Danger,Danger
36,89,0,1000,500,Danger,Danger
28,90,0,1000,500,Warning,Danger
20,69,0,1000,500,Warning,Danger
25,80,0,1000,500,Danger,Danger
38,83,0,1000,500,Warning,Danger
31,55,0,1000,500,Warning,Danger
43,36,0,1000,500,Warning,Danger
28,51,0,1000,500,Warning,Warning
37,72,1,1000,500,Danger,Danger
44,83,1,1000,500,Danger,Danger
39,83,1,456,414,Warning,Danger
32,35,1,1000,500,Warning,Warning
41,87,1,557,500,Danger,Danger
36,49,1,682,500,Warning,Danger
28,30,1,927,500,Warning,Warning
34,30,0,310,500,Warning,Danger
41,46,1,1000,500,Danger,Danger
39,82,0,1000,500,Danger,Danger
21,34,0,1000,500,Warning,Warning
33,33,1,1000,500,Warning,Warning
44,31,0,1000,500,Warning,Danger
44,62,1,532,500,Warning,Danger
38,54,1,1000,500,Danger,Danger
38,57,1,1000,500,Warning,Danger
23,54,0,710,500,Safe,Warning
32,42,0,1000,500,Warning,Danger
44,61,1,787,500,Warning,Danger
41,45,0,1000,500,Warning,Danger
23,55,0,1000,500,Warning,Warning
44,91,1,1000,500,Danger,Danger
31,49,1,1000,500,Danger,Warning
21,95,0,1000,500,Warning,Danger
21,53,1,1000,500,Warning,Warning
32,52,0,789,500,Safe,Danger
38,72,0,419,259,Warning,Danger
33,59,0,1000,500,Warning,Danger
37,38,1,1000,500,Warning,Danger
20,37,0,685,500,Safe,Warning
41,37,0,1000,500,Danger,Danger
30,64,0,1000,500,Warning,Danger
36,44,1,1000,500,Warning,Danger
21,76,0,951,500,Warning,Danger
22,62,0,1000,500,Warning,Warning
36,33,1,1000,500,Danger,Danger
37,87,0,1000,500,Warning,Danger
24,84,0,407,500,Warning,Danger
22,86,1,1000,500,Danger,Danger
24,47,0,886,500,Warning,Warning
44,61,1,1000,500,Warning,Danger
34,68,0,1000,500,Danger,Danger
35,47,0,1000,500,Danger,Danger
28,93,0,412,500,Warning,Danger
36,77,0,1000,500,Danger,Danger
45,30,0,812,500,Warning,Danger
45,65,0,1000,500,Danger,Danger
24,68,0,1000,500,Warning,Danger
21,61,1,1000,500,Warning,Warning
27,52,1,1000,500,Danger,Warning
24,73,0,1000,500,Warning,Danger
23,81,0,970,500,Safe,Danger
32,56,1,1000,500,Warning,Warning
20,83,1,1000,500,Warning,Danger
20,95,1,1000,305,Warning,Danger
27,35,1,390,340,Safe,Warning
24,71,0,1000,500,Warning,Danger
30,72,1,831,500,Warning,Danger
36,60,0,1000,500,Warning,Danger
29,74,0,1000,500,Warning,Danger
31,67,0,1000,500,Warning,Danger
45,48,0,1000,500,Warning,Danger
23,40,0,670,500,Warning,Warning
27,65,0,157,500,Safe,Warning
37,92,0,1000,500,Warning,Danger
39,52,0,1000,500,Warning,Danger
37,54,0,1000,500,Warning,Danger
20,61,0,132,500,Safe,Warning
23,83,1,952,500,Warning,Danger
38,64,1,1000,500,Danger,Danger
43,69,0,1000,500,Danger,Danger
35,48,1,750,500,Danger,Danger
41,93,0,1000,394,Warning,Danger
31,52,0,1000,500,Warning,Danger
34,41,0,1000,500,Warning,Danger
40,89,0,1000,500,Danger,Danger
30,51,0,1000,500,Warning,Danger
26,37,1,1000,500,Warning,Warning
39,88,1,143,500,Danger,Danger
22,77,0,995,267,Safe,Danger
20,48,1,1000,500,Danger,Warning
33,89,0,1000,500,Danger,Danger
28,90,0,1000,500,Danger,Danger
33,74,0,673,500,Warning,Danger
43,39,0,1000,500,Warning,Danger
22,49,1,1000,500,Warning,Warning
39,53,1,1000,500,Warning,Danger
43,34,0,1000,500,Danger,Danger
26,37,1,1000,500,Warning,Warning
27,39,1,1000,500,Warning,Warning
22,69,1,1000,500,Warning,Warning
20,44,0,124,500,Warning,Warning
35,72,1,848,500,Warning,Danger
33,82,0,417,500,Warning,Danger
30,70,1,356,500,Warning,Danger
40,63,1,525,500,Warning,Danger
40,60,0,1000,500,Warning,Danger
40,34,1,1000,365,Warning,Danger
37,81,1,1000,500,Warning,Danger
37,69,0,1000,276,Warning,Danger
22,59,1,902,500,Warning,Warning
37,39,0,850,500,Safe,Danger
39,50,0,1000,379,Warning,Danger
42,93,1,701,500,Danger,Danger
34,84,0,1000,500,Warning,Danger
21,42,0,1000,500,Warning,Warning
33,46,1,377,190,Safe,Warning
38,75,0,1000,500,Danger,Danger
27,72,0,1000,500,Warning,Danger
33,30,1,1000,500,Warning,Warning
45,34,1,1000,500,Danger,Danger
23,55,0,341,500,Safe,Warning
29,49,0,1000,500,Warning,Warning
28,63,1,1000,500,Warning,Warning
23,90,0,1000,500,Warning,Danger
26,69,1,1000,500,Warning,Warning
22,58,0,1000,500,Warning,Warning
39,80,0,1000,500,Warning,Danger
31,33,0,1000,500,Warning,Danger
28,39,1,1000,500,Warning,Warning
34,61,1,548,500,Warning,Warning
36,75,0,950,500,Warning,Danger
20,53,1,845,461,Safe,Warning
44,59,1,1000,500,Danger,Danger
24,94,0,1000,500,Warning,Danger
36,43,0,1000,500,Danger,Danger
23,50,0,1000,500,Safe,Warning
33,40,0,1000,500,Warning,Danger
27,47,1,1000,500,Warning,Warning
45,62,1,581,500,Warning,Danger
41,84,1,1000,500,Danger,Danger
33,78,0,459,170,Safe,Danger
40,85,0,1000,108,Warning,Danger
42,34,0,1000,500,Warning,Danger
30,85,0,1000,500,Warning,Danger
37,86,0,1000,500,Danger,Danger
22,78,1,1000,500,Danger,Warning
39,58,1,1000,500,Danger,Danger
23,82,0,933,500,Warning,Danger
42,83,0,1000,500,Danger,Danger
36,65,1,770,500,Warning,Danger
24,33,1,1000,500,Warning,Warning
28,93,1,1000,500,Danger,Danger
43,65,1,468,500,Warning,Danger
26,88,0,1000,238,Warning,Danger
28,49,1,150,500,Safe,Warning
45,72,0,707,500,Warning,Danger
44,66,0,1000,500,Danger,Danger
41,93,0,1000,500,Warning,Danger
42,82,0,1000,500,Warning,Danger
22,85,1,1000,500,Danger,Danger
38,58,0,1000,500,Danger,Danger
32,78,1,1000,500,Warning,Danger
20,64,1,1000,500,Warning,Warning
41,77,0,932,500,Warning,Danger
25,58,0,1000,500,Warning,Warning
44,48,0,1000,500,Danger,Danger
24,72,1,1000,182,Warning,Warning
36,76,1,1000,500,Warning,Danger
25,83,1,1000,500,Warning,Danger
39,68,1,1000,500,Danger,Danger
26,37,0,1000,500,Warning,Warning
38,70,1,1000,500,Danger,Danger
36,63,0,1000,500,Warning,Danger
24,46,1,988,500,Warning,Warning
44,61,0,1000,500,Warning,Danger
35,84,0,1000,500,Warning,Danger
26,44,0,1000,500,Warning,Warning
20,75,1,1000,249,Warning,Warning
28,31,0,1000,500,Warning,Warning
23,73,1,1000,500,Warning,Warning
31,39,1,327,500,Safe,Warning
34,83,0,1000,500,Warning,Danger
34,48,1,1000,500,Danger,Warning
39,46,0,592,500,Warning,Danger
26,44,1,1000,500,Warning,Warning
23,75,1,913,500,Warning,Warning
42,56,1,1000,500,Danger,Danger
28,89,0,1000,500,Warning,Danger
40,81,1,667,500,Warning,Danger
43,40,0,202,500,Warning,Danger
26,86,1,1000,500,Warning,Danger
29,39,0,1000,500,Warning,Warning
38,45,0,924,500,Warning,Danger
38,88,0,471,323,Warning,Danger
36,30,0,1000,500,Warning,Danger
26,60,0,762,500,Safe,Warning
43,58,1,1000,500,Danger,Danger
42,53,0,467,500,Warning,Danger
42,36,1,1000,500,Warning,Danger
36,38,0,1000,500,Warning,Danger
32,55,1,1000,500,Warning,Warning
23,77,1,1000,496,Warning,Warning
27,67,0,1000,500,Warning,Danger
24,69,1,1000,500,Warning,Warning
28,45,1,1000,500,Warning,Warning
24,89,0,1000,500,Warning,Danger
20,59,1,1000,247,Warning,Warning
32,40,0,1000,500,Safe,Danger
36,71,0,761,500,Warning,Danger
29,81,1,1000,168,Warning,Danger
22,38,1,738,500,Safe,Warning
25,82,1,1000,500,Warning,Danger
44,81,0,1000,483,Warning,Danger
30,52,0,923,500,Warning,Danger
42,48,1,1000,500,Warning,Danger
42,35,0,1000,500,Danger,Danger
32,85,0,1000,500,Warning,Danger
26,69,1,1000,500,Warning,Warning
25,36,0,1000,500,Warning,Warning
36,46,1,1000,500,Warning,Danger
22,59,0,1000,500,Warning,Warning
26,67,1,1000,500,Warning,Warning
25,94,0,1000,500,Warning,Danger
31,46,0,1000,500,Warning,Danger
26,78,0,1000,458,Warning,Danger
27,86,0,1000,500,Warning,Danger
39,61,1,1000,500,Danger,Danger
22,53,0,629,500,Safe,Warning
31,84,1,1000,265,Warning,Danger
27,30,1,167,222,Safe,Warning
20,82,1,514,500,Warning,Danger
24,54,0,1000,500,Safe,Warning
30,70,0,1000,500,Warning,Danger
32,80,0,706,486,Safe,Danger
30,65,1,1000,500,Warning,Danger
29,55,1,1000,500,Warning,Warning
41,49,1,1000,500,Danger,Danger
38,66,0,460,500,Warning,Danger
25,43,1,1000,500,Warning,Warning
27,37,1,1000,500,Warning,Warning
29,69,0,1000,500,Warning,Danger
23,86,1,1000,500,Danger,Danger
35,61,0,1000,279,Warning,Danger
30,93,1,965,500,Warning,Danger
42,93,0,1000,500,Danger,Danger
38,86,1,1000,500,Danger,Danger
21,92,0,1000,500,Danger,Danger
41,40,1,1000,500,Danger,Danger
33,61,0,752,500,Warning,Danger
21,61,1,1000,156,Warning,Warning
36,42,0,1000,500,Danger,Danger
45,44,0,1000,500,Warning,Danger
25,45,1,1000,500,Warning,Warning
28,80,0,1000,500,Warning,Danger
40,39,0,987,500,Warning,Danger
40,85,0,1000,130,Warning,Danger
44,30,1,1000,500,Danger,Danger
41,32,0,944,385,Warning,Danger
20,52,0,1000,500,Warning,Warning
35,64,0,1000,500,Warning,Danger
33,36,1,625,453,Safe,Warning
34,79,0,1000,500,Danger,Danger
26,60,1,1000,500,Warning,Warning
42,60,1,1000,500,Warning,Danger
45,88,0,1000,500,Danger,Danger
23,48,0,1000,500,Warning,Warning
40,44,1,583,500,Warning,Danger
33,46,1,427,500,Safe,Warning
37,87,0,1000,500,Danger,Danger
37,44,0,1000,500,Danger,Danger
44,31,0,1000,500,Warning,Danger
21,39,0,1000,289,Warning,Warning
39,84,0,750,500,Warning,Danger
28,45,0,1000,500,Warning,Warning
44,62,1,1000,500,Danger,Danger
20,58,0,1000,500,Warning,Warning
28,79,0,1000,500,Warning,Danger
26,84,1,1000,500,Warning,Danger
20,63,0,1000,500,Warning,Warning
24,46,1,1000,500,Warning,Warning
24,85,0,1000,500,Danger,Danger
44,86,0,1000,500,Danger,Danger
44,75,0,1000,500,Danger,Danger
43,84,1,1000,500,Danger,Danger
38,81,1,1000,500,Warning,Danger
29,83,1,1000,500,Warning,Danger
32,32,1,1000,500,Warning,Warning
32,44,1,1000,500,Warning,Warning
25,91,1,1000,500,Danger,Danger
38,48,0,1000,500,Danger,Danger
22,94,1,405,500,Warning,Danger
32,76,1,958,500,Warning,Danger
25,38,1,1000,406,Warning,Warning
32,53,0,182,500,Safe,Warning
37,60,1,839,500,Warning,Danger
38,73,1,1000,500,Danger,Danger
29,84,0,1000,500,Warning,Danger
40,50,1,1000,500,Warning,Danger
42,75,0,1000,500,Danger,Danger
20,72,0,1000,500,Warning,Danger
25,46,0,1000,500,Safe,Warning
38,85,1,762,500,Warning,Danger
21,41,1,1000,500,Danger,Warning
35,48,1,1000,500,Warning,Danger
29,41,1,925,500,Warning,Warning
24,59,1,1000,500,Warning,Warning
26,71,0,1000,500,Warning,Danger
22,90,0,424,500,Warning,Danger
37,45,1,1000,500,Warning,Danger
41,57,1,1000,500,Warning,Danger
31,84,0,1000,500,Warning,Danger
41,35,1,1000,500,Warning,Danger
40,38,1,646,500,Warning,Danger
28,41,1,1000,490,Warning,Warning
24,45,0,1000,500,Danger,Warning
29,62,1,1000,500,Safe,Warning
26,94,0,1000,500,Warning,Danger
26,39,0,930,500,Warning,Warning
35,71,0,1000,500,Warning,Danger
25,31,1,1000,500,Warning,Warning
32,95,1,1000,500,Danger,Danger
29,42,0,1000,500,Warning,Warning
27,69,0,451,256,Safe,Danger
35,45,1,1000,500,Danger,Danger
32,65,1,1000,500,Warning,Danger
33,63,0,1000,500,Warning,Danger
21,59,0,1000,500,Warning,Warning
23,35,0,1000,500,Warning,Warning
40,77,1,160,500,Warning,Danger
39,80,1,1000,500,Danger,Danger
43,66,1,1000,487,Warning,Danger
33,47,0,1000,392,Warning,Danger
43,45,1,1000,500,Danger,Danger
20,43,0,1000,500,Warning,Warning
37,45,1,1000,500,Warning,Danger
31,57,1,1000,500,Danger,Warning
37,52,1,1000,500,Danger,Danger
31,59,0,889,500,Safe,Danger
40,44,1,1000,500,Warning,Danger
42,61,1,1000,500,Danger,Danger
41,48,0,1000,500,Danger,Danger
33,47,0,1000,414,Warning,Danger
44,57,0,1000,500,Warning,Danger
40,89,1,474,500,Danger,Danger
39,38,1,814,500,Warning,Danger
20,49,1,382,500,Warning,Warning
20,64,1,465,233,Safe,Warning
37,78,1,1000,500,Danger,Danger
28,84,0,141,500,Warning,Danger
20,84,0,1000,500,Danger,Danger
30,74,1,1000,500,Warning,Danger
29,40,1,1000,500,Warning,Warning
35,57,0,276,500,Warning,Danger
38,71,1,611,500,Warning,Danger
21,35,1,992,500,Warning,Warning
32,62,0,1000,500,Warning,Danger
45,69,1,1000,500,Danger,Danger
27,83,0,1000,500,Warning,Danger
37,78,1,982,500,Danger,Danger
26,61,0,1000,500,Warning,Warning
41,43,1,895,500,Danger,Danger
28,58,0,1000,348,Warning,Warning
37,35,1,473,500,Safe,Danger
36,68,0,784,319,Safe,Danger
26,47,0,1000,500,Warning,Warning
38,95,0,259,500,Danger,Danger
39,69,1,274,143,Warning,Danger
34,41,0,785,500,Warning,Danger
27,86,0,1000,500,Warning,Danger
37,95,1,1000,500,Danger,Danger
38,42,0,1000,500,Danger,Danger
24,53,0,158,500,Warning,Warning
33,50,1,1000,500,Warning,Warning
21,34,0,138,500,Safe,Warning
22,66,0,1000,500,Warning,Danger
33,36,0,1000,500,Warning,Danger
43,46,1,1000,500,Danger,Danger
22,75,1,956,500,Warning,Warning
27,47,0,1000,500,Warning,Warning
35,40,0,1000,500,Warning,Danger
35,84,1,1000,500,Danger,Danger
25,93,0,1000,500,Danger,Danger
40,50,1,738,500,Danger,Danger
24,83,0,1000,500,Warning,Danger
37,39,0,308,500,Warning,Danger
34,46,1,1000,500,Danger,Warning
43,73,0,1000,500,Danger,Danger
25,57,0,1000,500,Warning,Warning
30,54,0,1000,500,Warning,Danger
36,37,1,752,500,Danger,Danger
44,87,0,1000,500,Danger,Danger
23,71,0,654,500,Warning,Danger
45,83,0,1000,500,Danger,Danger
33,46,0,612,500,Warning,Danger
42,38,0,1000,500,Warning,Danger
24,75,0,1000,500,Warning,Danger
33,82,1,1000,500,Danger,Danger
40,32,0,1000,500,Danger,Danger
43,57,1,673,500,Warning,Danger
24,65,1,804,500,Warning,Warning
35,61,1,1000,500,Warning,Danger
35,32,0,1000,500,Warning,Danger
25,36,1,1000,500,Warning,Warning
22,54,0,1000,500,Safe,Warning
37,76,1,1000,500,Danger,Danger
41,65,0,306,500,Warning,Danger
39,34,1,1000,500,Warning,Danger
21,90,1,1000,500,Danger,Danger
42,92,1,1000,500,Danger,Danger
34,69,0,1000,406,Warning,Danger
38,44,1,1000,500,Danger,Danger
42,48,1,984,500,Danger,Danger
43,65,1,1000,500,Danger,Danger
29,74,1,1000,389,Warning,Warning
36,36,0,1000,500,Warning,Danger
29,79,0,1000,153,Warning,Danger
21,65,0,565,500,Safe,Danger
21,84,0,1000,500,Warning,Danger
26,65,1,1000,500,Warning,Warning
33,91,1,1000,500,Danger,Danger
24,63,1,287,500,Safe,Warning
24,78,1,1000,500,Warning,Warning
25,46,0,1000,348,Warning,Warning
37,69,0,427,500,Safe,Danger
31,49,0,1000,500,Warning,Danger
28,60,1,1000,500,Warning,Warning
43,73,0,1000,500,Danger,Danger
22,79,1,1000,500,Warning,Warning
39,60,0,1000,500,Danger,Danger
42,79,1,1000,500,Danger,Danger
33,41,0,1000,500,Warning,Danger
39,59,1,1000,500,Warning,Danger
24,59,0,1000,500,Warning,Warning
31,33,0,656,500,Warning,Danger
29,95,0,789,500,Warning,Danger
45,59,1,1000,500,Warning,Danger
23,43,1,1000,500,Danger,Warning
28,64,0,1000,500,Warning,Warning
30,55,0,1000,500,Warning,Danger
34,92,1,1000,500,Warning,Danger
34,89,1,580,500,Danger,Danger
27,91,0,1000,500,Warning,Danger
42,54,0,1000,119,Warning,Danger
42,32,1,1000,500,Danger,Danger
33,90,1,1000,500,Danger,Danger
41,91,1,1000,500,Danger,Danger
25,78,1,1000,500,Danger,Warning
32,68,0,1000,500,Warning,Danger
33,49,1,454,500,Warning,Warning
23,64,1,1000,500,Safe,Warning
41,66,0,1000,500,Warning,Danger
27,39,0,1000,500,Warning,Warning
22,70,0,1000,500,Warning,Danger
29,84,0,654,500,Warning,Danger
40,56,1,158,500,Warning,Warning
44,49,1,1000,500,Warning,Danger
38,53,0,1000,500,Warning,Danger
45,54,1,1000,500,Danger,Danger
35,80,0,1000,500,Danger,Danger
45,83,0,1000,500,Warning,Danger
40,70,0,384,500,Warning,Danger
36,63,0,1000,500,Warning,Danger
29,63,1,1000,500,Warning,Warning
40,57,1,125,500,Warning,Warning
40,81,1,1000,500,Danger,Danger
43,46,1,1000,500,Danger,Danger
35,34,1,1000,500,Warning,Danger
24,32,1,1000,500,Warning,Warning
32,51,1,645,500,Warning,Warning
41,32,1,1000,500,Warning,Danger
44,56,1,1000,500,Warning,Danger
32,39,1,1000,500,Warning,Warning
22,35,1,1000,500,Warning,Warning
29,46,1,1000,500,Warning,Warning
39,48,0,1000,358,Warning,Danger
22,83,1,534,500,Warning,Danger
40,41,0,190,500,Warning,Danger
42,30,0,513,500,Warning,Danger
22,82,0,396,500,Warning,Danger
22,82,0,1000,500,Warning,Danger
29,84,1,1000,500,Warning,Danger
42,84,1,1000,500,Danger,Danger
29,32,0,1000,500,Warning,Warning
27,69,1,1000,500,Warning,Warning
32,87,1,607,500,Warning,Danger
40,50,1,1000,500,Danger,Danger
33,32,0,463,500,Safe,Danger
24,56,1,1000,265,Warning,Warning
30,47,1,1000,500,Warning,Warning
42,93,1,1000,500,Danger,Danger
45,38,0,1000,500,Warning,Danger
42,84,1,1000,500,Danger,Danger
43,53,0,278,211,Safe,Danger
45,33,1,1000,500,Danger,Danger
22,75,0,1000,140,Safe,Warning
33,30,1,1000,437,Warning,Warning
43,64,1,1000,500,Warning,Danger
38,66,0,1000,500,Warning,Danger
37,30,0,1000,500,Warning,Danger
38,74,1,1000,441,Warning,Danger
21,52,1,1000,500,Warning,Warning
26,57,0,530,500,Safe,Warning
20,64,1,1000,500,Warning,Warning
23,89,0,878,500,Danger,Danger
20,38,0,1000,500,Warning,Warning
26,51,0,1000,500,Warning,Warning
21,64,1,359,500,Warning,Warning
21,57,0,1000,500,Warning,Warning
28,44,1,245,500,Warning,Warning
20,80,1,207,500,Warning,Warning
23,73,0,1000,500,Danger,Danger
42,37,1,1000,437,Warning,Danger
42,48,0,1000,500,Warning,Danger
20,60,1,1000,500,Warning,Warning
40,62,0,1000,163,Warning,Danger
35,89,1,278,500,Danger,Danger
38,40,0,871,500,Warning,Danger
39,37,1,813,500,Warning,Danger
29,81,1,1000,500,Warning,Danger
36,42,0,1000,500,Warning,Danger
21,73,1,941,500,Warning,Warning
40,41,1,1000,500,Danger,Danger
33,30,1,1000,500,Danger,Warning
39,74,0,657,500,Warning,Danger
40,88,0,1000,500,Danger,Danger
39,82,0,1000,500,Warning,Danger
45,88,1,1000,500,Danger,Danger
41,81,0,1000,500,Danger,Danger
28,70,1,1000,500,Warning,Warning
24,82,0,979,500,Safe,Danger
27,41,0,1000,500,Warning,Warning
31,59,0,1000,500,Warning,Danger
23,90,0,1000,500,Danger,Danger
22,87,0,848,500,Warning,Danger
29,84,1,1000,500,Danger,Danger
44,39,0,1000,500,Warning,Danger
23,90,0,1000,500,Warning,Danger
40,93,0,376,500,Warning,Danger
32,47,1,465,500,Safe,Warning
26,87,0,704,500,Warning,Danger
20,74,0,180,500,Warning,Warning
21,31,1,1000,500,Danger,Warning
35,31,1,238,500,Warning,Danger
44,94,1,398,500,Danger,Danger
33,69,1,1000,500,Danger,Danger
27,71,1,655,500,Warning,Warning
26,61,1,613,500,Warning,Warning
40,48,0,1000,373,Warning,Danger
38,55,0,1000,500,Danger,Danger
21,82,0,1000,500,Warning,Danger
35,35,1,1000,500,Danger,Danger
44,36,1,815,225,Warning,Danger
39,44,1,1000,500,Danger,Danger
36,44,0,1000,500,Warning,Danger
39,60,1,1000,500,Danger,Danger
40,73,0,504,500,Warning,Danger
43,91,0,1000,500,Danger,Danger
42,36,1,883,500,Danger,Danger
31,90,0,1000,500,Danger,Danger
31,71,1,1000,169,Warning,Danger
27,63,1,865,500,Safe,Warning
44,50,0,1000,500,Danger,Danger
37,67,1,1000,500,Danger,Danger
28,78,1,708,500,Warning,Warning
40,91,0,273,500,Warning,Danger
39,92,0,1000,500,Danger,Danger
44,36,1,1000,409,Warning,Danger
28,90,0,608,162,Safe,Danger
24,51,0,1000,500,Warning,Warning
32,85,1,941,500,Warning,Danger
28,46,1,1000,500,Warning,Warning
23,79,1,1000,419,Warning,Warning
35,93,1,585,277,Warning,Danger
42,50,0,1000,500,Warning,Danger
28,37,1,656,500,Warning,Warning
41,94,1,1000,500,Danger,Danger
36,51,1,1000,500,Warning,Danger
21,80,0,1000,500,Warning,Danger
20,36,0,1000,500,Warning,Warning
31,75,1,1000,500,Warning,Danger
21,64,0,1000,500,Warning,Warning
36,37,0,1000,500,Warning,Danger
34,60,0,1000,500,Warning,Danger
36,53,0,1000,500,Warning,Danger
27,95,0,350,500,Warning,Danger
37,38,1,1000,335,Warning,Danger
43,42,0,1000,500,Danger,Danger
21,74,0,1000,500,Warning,Danger
33,57,1,1000,500,Warning,Warning
27,62,0,1000,500,Warning,Warning
26,71,1,829,500,Warning,Warning
35,48,1,1000,319,Safe,Danger
43,71,1,1000,500,Danger,Danger
37,67,1,1000,500,Warning,Danger
34,51,1,1000,500,Danger,Warning
37,39,1,1000,500,Warning,Danger
34,40,0,350,500,Warning,Danger
39,56,0,886,500,Warning,Danger
30,70,0,1000,447,Warning,Danger
32,51,0,169,198,Safe,Warning
45,87,0,982,500,Warning,Danger
34,86,1,825,500,Warning,Danger
30,88,1,1000,500,Danger,Danger
25,37,0,762,500,Safe,Warning
34,55,0,1000,500,Warning,Danger
21,36,1,1000,500,Warning,Warning
28,45,1,1000,500,Warning,Warning
30,89,1,1000,138,Warning,Danger
39,91,0,1000,500,Danger,Danger
21,56,1,1000,256,Safe,Warning
37,36,0,427,500,Safe,Danger
42,76,0,1000,500,Danger,Danger
41,39,1,1000,500,Danger,Danger
42,63,1,1000,500,Warning,Danger
31,58,1,1000,438,Warning,Warning
32,34,0,1000,181,Warning,Danger
44,31,0,1000,500,Danger,Danger
45,45,1,1000,500,Danger,Danger
41,69,0,254,500,Warning,Danger
21,80,1,1000,500,Danger,Danger
30,78,0,1000,500,Warning,Danger
44,46,1,1000,500,Danger,Danger
42,79,0,1000,384,Warning,Danger
25,63,1,1000,500,Warning,Warning
28,57,0,1000,500,Danger,Warning
40,41,0,168,500,Warning,Danger
36,35,0,1000,500,Warning,Danger
26,91,0,969,500,Warning,Danger
29,85,1,1000,500,Danger,Danger
41,95,0,1000,500,Danger,Danger
26,61,0,1000,500,Warning,Warning
31,84,1,225,500,Warning,Danger
35,92,1,1000,500,Danger,Danger
34,73,1,1000,500,Danger,Danger
42,88,1,1000,500,Danger,Danger
32,77,0,1000,500,Warning,Danger
32,38,0,393,500,Warning,Danger
42,79,1,1000,477,Danger,Danger
39,76,0,1000,500,Danger,Danger
38,78,1,1000,500,Warning,Danger
43,51,1,1000,500,Warning,Danger
33,53,0,1000,500,Warning,Danger
43,80,1,1000,500,Danger,Danger
26,72,1,1000,500,Warning,Warning
39,37,1,1000,207,Warning,Danger
34,52,0,747,500,Safe,Danger
39,95,0,1000,500,Danger,Danger
42,74,0,1000,500,Danger,Danger
33,47,1,1000,496,Warning,Warning
26,79,0,848,500,Warning,Danger
38,58,1,700,500,Warning,Danger
21,91,1,1000,500,Warning,Danger
30,87,1,752,500,Warning,Danger
42,93,1,1000,500,Danger,Danger
22,65,1,835,500,Warning,Warning
27,41,1,1000,500,Warning,Warning
36,54,0,1000,500,Safe,Danger
31,39,0,1000,500,Safe,Danger
37,78,0,1000,500,Danger,Danger
26,50,1,804,472,Warning,Warning
34,39,1,1000,500,Danger,Warning
28,64,1,835,500,Warning,Warning
34,87,0,250,500,Warning,Danger
20,55,1,122,214,Safe,Safe
43,84,0,1000,500,Danger,Danger
21,60,1,1000,500,Warning,Warning
39,46,0,1000,500,Warning,Danger
26,85,1,1000,500,Danger,Danger
38,76,1,1000,500,Danger,Danger
38,30,0,1000,500,Danger,Danger
20,33,1,123,500,Safe,Safe
35,87,0,1000,500,Warning,Danger
35,86,1,352,500,Warning,Danger
28,73,0,1000,500,Warning,Danger
32,81,1,1000,500,Danger,Danger
21,63,1,629,500,Warning,Warning
28,37,1,1000,500,Warning,Warning
22,36,0,1000,500,Warning,Warning
38,48,0,669,500,Warning,Danger
40,56,1,1000,500,Danger,Danger
22,59,1,1000,500,Warning,Warning
29,80,0,1000,488,Warning,Danger
41,47,0,1000,500,Danger,Danger
34,50,0,1000,500,Warning,Danger
34,51,1,960,500,Warning,Warning
35,69,1,1000,500,Danger,Danger
34,30,1,1000,500,Danger,Warning
26,39,1,762,500,Safe,Warning
42,80,1,1000,500,Danger,Danger
35,55,0,1000,500,Warning,Danger
20,45,0,170,245,Safe,Warning
32,33,1,878,500,Warning,Warning
27,32,1,1000,500,Warning,Warning
43,40,1,1000,500,Danger,Danger
31,74,0,1000,500,Safe,Danger
29,34,0,363,500,Safe,Warning
25,48,1,1000,500,Safe,Warning
41,73,0,1000,500,Warning,Danger
40,88,0,1000,500,Danger,Danger
26,88,1,1000,354,Warning,Danger
24,51,0,1000,500,Warning,Warning
21,33,0,1000,222,Safe,Warning
29,55,0,365,136,Safe,Warning
25,57,1,1000,500,Warning,Warning
34,39,0,1000,500,Warning,Danger
36,59,1,1000,500,Warning,Danger
20,67,0,109,500,Safe,Warning
27,32,1,1000,500,Warning,Warning
42,52,0,1000,215,Warning,Danger
22,59,1,1000,500,Warning,Warning
25,45,0,1000,500,Warning,Warning
22,79,1,1000,500,Danger,Warning
33,79,0,1000,500,Danger,Danger
34,48,1,1000,500,Warning,Warning
33,46,0,1000,500,Safe,Danger
40,78,1,1000,500,Danger,Danger
31,58,0,1000,500,Warning,Danger
28,93,1,1000,500,Danger,Danger
26,61,0,1000,500,Warning,Warning
36,79,0,1000,500,Danger,Danger
21,66,1,1000,500,Warning,Warning
33,92,1,1000,500,Danger,Danger
29,32,1,1000,500,Danger,Warning
40,83,1,1000,500,Danger,Danger
29,43,0,228,500,Safe,Warning
30,89,1,1000,500,Warning,Danger
25,90,0,1000,301,Warning,Danger
20,87,0,1000,500,Warning,Danger
21,61,1,899,500,Warning,Warning
36,47,1,1000,500,Warning,Danger
31,69,0,1000,500,Danger,Danger
21,39,0,1000,500,Warning,Warning
44,72,1,745,500,Warning,Danger
20,48,1,1000,500,Warning,Warning
36,75,0,915,500,Warning,Danger
36,79,1,1000,500,Danger,Danger
28,77,1,1000,500,Warning,Warning
45,91,0,1000,500,Danger,Danger
30,41,1,1000,141,Warning,Warning
33,72,0,780,500,Warning,Danger
39,65,0,1000,500,Danger,Danger
26,83,0,1000,500,Warning,Danger
40,60,1,1000,449,Warning,Danger
24,85,1,1000,372,Warning,Danger
34,49,1,1000,500,Danger,Warning
20,50,0,1000,500,Warning,Warning
36,71,1,1000,500,Danger,Danger
25,73,0,1000,500,Warning,Danger
38,69,0,449,266,Safe,Danger
31,57,0,1000,161,Warning,Danger
30,77,1,1000,500,Warning,Danger
21,64,0,1000,500,Warning,Warning
26,59,0,586,500,Safe,Warning
45,58,0,1000,500,Warning,Danger
26,35,0,1000,500,Warning,Warning
39,45,0,285,500,Safe,Danger
40,61,1,330,500,Warning,Danger
28,63,1,1000,500,Warning,Warning
24,34,0,577,500,Safe,Warning
23,77,0,1000,500,Warning,Danger
30,92,0,1000,500,Warning,Danger
38,37,1,638,500,Warning,Danger
39,56,1,1000,500,Danger,Danger
35,56,0,1000,500,Warning,Danger
45,59,0,704,500,Warning,Danger
44,69,0,433,500,Warning,Danger
20,51,1,1000,500,Warning,Warning
26,89,0,838,500,Warning,Danger
34,72,1,559,500,Warning,Danger
41,68,1,1000,500,Danger,Danger
24,67,0,352,500,Warning,Danger
24,55,0,1000,500,Warning,Warning
20,57,1,1000,500,Danger,Warning
28,90,0,974,500,Warning,Danger
40,60,0,1000,500,Warning,Danger
31,91,0,1000,331,Warning,Danger
45,54,0,574,500,Warning,Danger
45,40,1,1000,212,Warning,Danger
31,84,0,1000,500,Warning,Danger
37,42,0,1000,500,Warning,Danger
37,93,0,124,500,Warning,Danger
24,52,0,1000,500,Warning,Warning
25,94,1,1000,500,Danger,Danger
28,36,1,1000,500,Warning,Warning
22,43,0,1000,500,Warning,Warning
34,55,1,1000,500,Warning,Warning
32,89,0,1000,500,Danger,Danger
37,59,0,1000,500,Warning,Danger
28,83,0,1000,500,Warning,Danger
20,80,1,1000,500,Danger,Danger
43,65,1,1000,500,Warning,Danger
29,89,1,1000,500,Warning,Danger
21,51,1,1000,500,Safe,Warning
27,74,0,1000,500,Warning,Danger
43,89,1,1000,500,Danger,Danger
25,64,0,478,500,Warning,Warning
27,37,0,1000,500,Warning,Warning
45,35,0,1000,500,Danger,Danger
23,83,1,116,500,Warning,Warning
37,65,1,1000,500,Warning,Danger
36,35,1,1000,500,Warning,Danger
26,85,1,1000,500,Danger,Danger
35,40,0,1000,500,Danger,Danger
44,84,1,1000,500,Danger,Danger
33,54,0,1000,500,Warning,Danger
20,54,0,1000,500,Warning,Warning
24,80,0,1000,500,Warning,Danger
22,86,1,1000,500,Danger,Danger
27,78,1,1000,500,Warning,Warning
31,73,0,1000,500,Warning,Danger
36,87,0,572,500,Warning,Danger
28,70,0,1000,500,Danger,Danger
42,49,0,1000,500,Danger,Danger
43,79,0,1000,500,Danger,Danger
26,72,1,1000,500,Danger,Warning
24,87,1,1000,500,Warning,Danger
22,41,0,1000,500,Warning,Warning
30,42,1,575,500,Warning,Warning
33,56,0,1000,500,Warning,Danger
42,64,1,1000,271,Warning,Danger
38,52,0,1000,500,Warning,Danger
31,47,0,1000,500,Warning,Danger
30,34,1,1000,500,Warning,Warning
40,90,0,1000,500,Danger,Danger
30,56,0,497,500,Warning,Danger
31,33,1,1000,500,Warning,Warning
34,47,0,1000,500,Safe,Danger
35,86,1,963,500,Warning,Danger
30,41,1,441,500,Warning,Warning
25,90,0,1000,500,Warning,Danger
43,72,1,1000,500,Danger,Danger
26,57,1,1000,500,Warning,Warning
35,90,0,1000,500,Warning,Danger
28,80,1,1000,500,Danger,Danger
42,48,1,686,431,Warning,Danger
34,77,0,689,500,Warning,Danger
42,67,1,1000,500,Danger,Danger
42,41,1,1000,500,Warning,Danger
42,52,0,1000,500,Warning,Danger
31,30,1,1000,500,Warning,Warning
40,58,0,934,365,Safe,Danger
20,74,1,1000,500,Warning,Warning
23,84,0,1000,500,Warning,Danger
32,85,0,1000,500,Danger,Danger
38,86,0,1000,500,Danger,Danger
28,90,0,1000,500,Warning,Danger
39,62,0,1000,500,Danger,Danger
37,56,1,1000,500,Danger,Danger
32,73,0,295,500,Warning,Danger
44,93,1,1000,500,Danger,Danger
39,90,0,1000,500,Danger,Danger
21,87,1,1000,500,Warning,Danger
37,54,1,186,500,Warning,Warning
36,76,0,1000,500,Warning,Danger
24,81,1,1000,500,Danger,Danger
42,60,1,1000,500,Danger,Danger
35,72,0,1000,500,Warning,Danger
26,55,0,1000,500,Warning,Warning
45,69,0,370,500,Warning,Danger
27,53,1,1000,500,Danger,Warning
37,75,0,1000,500,Danger,Danger
23,60,1,1000,500,Danger,Warning
28,93,0,841,500,Warning,Danger
24,36,1,1000,500,Warning,Warning
40,41,1,1000,121,Warning,Warning
35,74,0,441,500,Warning,Danger
23,51,1,111,500,Safe,Safe
28,35,1,693,500,Safe,Warning
21,47,1,1000,500,Warning,Warning
25,82,1,1000,500,Warning,Danger
34,85,1,183,500,Warning,Danger
38,68,1,1000,500,Danger,Danger
39,36,1,1000,500,Warning,Danger
37,92,0,1000,500,Danger,Danger
21,31,1,1000,500,Warning,Warning
43,54,1,1000,243,Warning,Danger
32,52,1,1000,500,Warning,Warning
23,55,1,1000,500,Danger,Warning
31,58,0,774,500,Warning,Danger
37,54,0,1000,500,Warning,Danger
43,47,0,150,500,Warning,Danger
39,58,0,1000,500,Warning,Danger
38,59,0,1000,316,Warning,Danger
44,79,0,1000,500,Danger,Danger
37,57,1,1000,500,Warning,Danger
42,81,1,816,500,Warning,Danger
45,91,0,930,500,Danger,Danger
43,38,0,1000,500,Warning,Danger
20,45,0,1000,500,Warning,Warning
40,30,1,1000,500,Warning,Danger
33,70,1,1000,500,Danger,Danger
36,59,0,1000,500,Warning,Danger
33,52,0,1000,196,Safe,Danger
25,51,1,312,500,Warning,Warning
26,45,0,1000,500,Warning,Warning
27,94,0,616,500,Warning,Danger
24,38,1,1000,500,Danger,Warning
32,72,0,802,500,Warning,Danger
45,69,0,1000,500,Danger,Danger
23,74,1,1000,500,Danger,Warning
26,33,0,1000,500,Warning,Warning
26,48,0,1000,500,Safe,Warning
35,35,0,1000,500,Warning,Danger
30,39,0,1000,500,Safe,Danger
29,66,0,748,500,Warning,Danger
40,78,0,1000,500,Danger,Danger
36,89,0,1000,500,Danger,Danger
38,60,1,231,500,Warning,Danger
24,46,1,1000,500,Warning,Warning
33,71,1,1000,500,Warning,Danger
42,50,0,1000,500,Warning,Danger
43,94,0,1000,500,Danger,Danger
38,80,0,1000,500,Warning,Danger
28,61,0,1000,500,Warning,Warning
37,56,0,1000,500,Warning,Danger
45,51,0,1000,500,Danger,Danger
42,89,1,1000,219,Danger,Danger
24,49,1,1000,500,Warning,Warning
42,39,1,1000,500,Danger,Danger
32,54,1,1000,500,Warning,Warning
44,85,1,1000,500,Danger,Danger
36,85,1,1000,500,Danger,Danger
28,92,0,1000,500,Warning,Danger
45,87,0,1000,500,Danger,Danger
45,61,0,1000,500,Warning,Danger
23,93,0,239,500,Warning,Danger
29,34,0,618,500,Warning,Warning
30,58,0,1000,500,Warning,Danger
30,60,1,1000,500,Warning,Warning
30,87,0,1000,500,Warning,Danger
29,40,1,1000,500,Warning,Warning
31,81,1,1000,500,Warning,Danger
30,84,0,249,500,Warning,Danger
34,73,1,1000,500,Danger,Danger
26,47,1,1000,500,Warning,Warning
22,87,1,152,500,Warning,Warning
21,76,1,1000,500,Warning,Warning
34,33,1,582,500,Warning,Warning
38,88,0,1000,500,Danger,Danger
32,59,0,1000,500,Safe,Danger
25,58,0,1000,500,Warning,Warning
31,55,1,765,500,Warning,Warning
22,39,1,1000,500,Warning,Warning
27,79,1,1000,500,Warning,Warning
20,44,1,1000,500,Warning,Warning
35,91,1,1000,500,Danger,Danger
20,42,1,1000,500,Warning,Warning
36,34,1,1000,500,Warning,Danger
42,62,1,1000,500,Danger,Danger
38,87,0,1000,500,Danger,Danger
34,64,0,1000,500,Danger,Danger
25,42,0,1000,500,Warning,Warning
32,70,0,110,500,Safe,Warning
29,77,1,1000,500,Warning,Warning
29,77,0,1000,500,Danger,Danger
39,80,0,847,500,Danger,Danger
39,65,1,1000,256,Warning,Danger
40,42,1,896,500,Warning,Danger
33,92,0,1000,500,Warning,Danger
35,57,0,1000,500,Warning,Danger
21,69,1,1000,500,Danger,Warning
37,81,0,517,500,Warning,Danger
35,40,0,1000,247,Warning,Danger
42,60,1,1000,500,Danger,Danger
35,63,0,1000,500,Warning,Danger
22,75,1,1000,500,Warning,Warning
20,55,1,1000,500,Warning,Warning
39,51,1,1000,500,Danger,Danger
34,56,0,1000,500,Danger,Danger
44,44,0,1000,500,Warning,Danger
32,42,0,1000,500,Warning,Danger
29,49,0,1000,500,Warning,Warning
44,89,0,1000,500,Warning,Danger
20,45,0,1000,500,Warning,Warning
43,44,1,1000,500,Danger,Danger
27,88,1,1000,500,Danger,Danger
36,62,0,1000,500,Warning,Danger
22,35,0,913,500,Safe,Warning
26,83,0,752,500,Warning,Danger
31,73,0,1000,500,Warning,Danger
41,78,0,1000,500,Danger,Danger
43,32,1,1000,500,Danger,Danger
45,60,0,1000,500,Warning,Danger
21,65,1,611,500,Warning,Warning
28,39,0,594,500,Safe,Warning
27,42,0,1000,159,Safe,Warning
39,49,1,1000,500,Warning,Danger
45,43,1,918,500,Warning,Danger
43,80,0,203,500,Danger,Danger
30,38,1,1000,500,Warning,Warning
22,81,1,1000,500,Danger,Danger
43,90,0,1000,500,Danger,Danger
45,61,0,769,500,Warning,Danger
32,90,1,1000,500,Danger,Danger
38,85,1,1000,500,Danger,Danger
44,42,1,1000,500,Danger,Danger
28,58,1,611,500,Warning,Warning
33,90,1,1000,500,Danger,Danger
24,56,1,842,500,Warning,Warning
22,90,1,1000,500,Danger,Danger
25,91,1,752,500,Warning,Danger
36,45,0,1000,500,Warning,Danger
22,65,0,1000,500,Warning,Danger
30,93,1,1000,500,Danger,Danger
32,71,1,688,500,Warning,Danger
30,72,0,785,298,Safe,Danger
26,76,1,373,500,Warning,Warning
23,58,1,1000,500,Warning,Warning
20,92,0,1000,500,Danger,Danger
26,76,1,1000,500,Danger,Warning
35,69,0,271,500,Warning,Danger
30,85,1,1000,500,Warning,Danger
29,89,0,1000,500,Danger,Danger
36,68,0,1000,500,Warning,Danger
44,85,0,834,500,Warning,Danger
29,56,1,1000,500,Warning,Warning
45,65,0,1000,500,Danger,Danger
41,87,1,1000,500,Danger,Danger
45,80,1,604,500,Danger,Danger
21,36,0,427,500,Safe,Warning
43,60,0,1000,500,Warning,Danger
29,56,0,1000,500,Safe,Warning
33,82,0,932,500,Warning,Danger
25,46,1,1000,500,Danger,Warning
31,83,1,1000,500,Danger,Danger
40,91,1,1000,500,Danger,Danger
23,65,0,1000,500,Warning,Danger
42,87,0,109,142,Warning,Danger
22,49,1,1000,363,Warning,Warning
42,63,1,219,500,Danger,Warning
21,57,0,1000,500,Warning,Warning
35,32,1,1000,500,Warning,Danger
29,84,0,1000,500,Warning,Danger
24,54,0,1000,500,Warning,Warning
42,92,0,1000,500,Danger,Danger
38,35,0,1000,500,Warning,Danger
35,43,1,1000,500,Danger,Danger
42,60,1,570,500,Warning,Danger
22,60,1,1000,500,Danger,Warning
31,66,1,1000,500,Warning,Danger
36,33,1,763,500,Warning,Danger
22,82,0,1000,500,Warning,Danger
24,48,0,1000,500,Warning,Warning
40,73,0,1000,500,Danger,Danger
26,93,0,290,500,Warning,Danger
39,46,1,561,500,Warning,Danger
41,57,1,736,500,Warning,Danger
40,66,1,1000,500,Danger,Danger
34,73,0,1000,500,Danger,Danger
21,34,0,1000,500,Warning,Warning
45,79,0,440,500,Warning,Danger
30,37,0,578,500,Safe,Danger
39,87,1,422,500,Danger,Danger
25,86,1,1000,218,Warning,Danger
23,95,0,1000,500,Warning,Danger
22,33,1,1000,500,Warning,Warning
39,38,1,1000,355,Warning,Danger
21,31,1,1000,500,Warning,Warning
24,94,1,1000,500,Warning,Danger
30,80,0,1000,500,Danger,Danger
31,37,0,1000,500,Warning,Danger
45,59,0,1000,500,Warning,Danger
28,93,1,1000,500,Warning,Danger
22,86,0,1000,500,Warning,Danger
22,87,1,322,500,Warning,Danger
33,37,0,966,500,Warning,Danger
26,30,0,1000,500,Warning,Warning
33,56,0,1000,500,Warning,Danger
35,33,0,1000,500,Warning,Danger
30,35,1,1000,500,Safe,Warning
28,79,1,1000,500,Warning,Warning
28,62,0,508,500,Safe,Warning
35,44,1,1000,500,Danger,Danger
21,63,1,1000,206,Warning,Warning
32,94,0,1000,500,Danger,Danger
33,75,0,1000,500,Warning,Danger
44,34,0,1000,500,Danger,Danger
36,54,0,1000,500,Danger,Danger
27,84,0,1000,500,Danger,Danger
32,49,0,1000,500,Warning,Danger
32,53,1,1000,500,Warning,Warning
21,78,0,1000,500,Warning,Danger
31,51,0,1000,143,Safe,Warning
22,62,1,1000,500,Warning,Warning
22,50,0,721,500,Safe,Warning
34,39,0,1000,500,Warning,Danger
27,94,0,1000,500,Warning,Danger
31,77,1,1000,500,Warning,Danger
30,58,1,1000,500,Warning,Warning
28,77,0,659,500,Safe,Danger
21,78,1,367,500,Warning,Warning
45,69,0,1000,500,Warning,Danger
27,84,1,1000,500,Warning,Danger
32,83,1,431,500,Warning,Danger
21,61,0,1000,500,Warning,Warning
32,36,0,1000,500,Warning,Danger
39,84,1,1000,500,Danger,Danger
35,49,1,1000,500,Warning,Danger
32,65,0,1000,500,Warning,Danger
29,74,1,454,500,Warning,Warning
22,67,0,190,500,Safe,Warning
24,44,0,1000,500,Warning,Warning
41,67,1,1000,500,Danger,Danger
31,95,1,1000,500,Danger,Danger
29,82,0,1000,500,Warning,Danger
35,55,1,1000,500,Warning,Danger
21,39,0,171,500,Safe,Warning
39,67,1,1000,500,Danger,Danger
33,65,0,1000,500,Warning,Danger
24,36,1,1000,500,Warning,Warning
20,53,0,942,500,Warning,Warning
39,53,0,414,372,Safe,Danger
38,75,0,1000,500,Danger,Danger
41,86,1,1000,500,Danger,Danger
41,51,1,1000,500,Warning,Danger
40,63,0,234,500,Safe,Danger
22,65,1,188,500,Safe,Warning
30,71,0,1000,500,Warning,Danger
40,59,0,1000,121,Warning,Danger
37,63,1,1000,500,Warning,Danger
37,67,0,1000,500,Warning,Danger
31,42,0,1000,500,Warning,Danger
37,40,0,1000,500,Warning,Danger
32,35,0,1000,209,Safe,Danger
40,46,1,1000,500,Danger,Danger
30,32,0,1000,500,Warning,Danger
38,47,0,228,500,Warning,Danger
26,65,1,1000,263,Safe,Warning
30,30,0,1000,463,Warning,Danger
25,64,0,1000,500,Warning,Warning
27,68,1,1000,500,Warning,Warning
40,30,0,393,500,Warning,Danger
33,49,0,1000,500,Warning,Danger
40,57,1,1000,434,Danger,Danger
21,68,1,1000,500,Warning,Warning
26,90,1,1000,500,Danger,Danger
32,58,1,1000,500,Warning,Warning
39,92,0,1000,500,Danger,Danger
26,65,1,1000,500,Warning,Warning
25,88,1,1000,500,Warning,Danger
40,44,1,1000,500,Warning,Danger
41,95,0,141,500,Warning,Danger
43,66,1,1000,500,Danger,Danger
38,52,1,388,500,Warning,Danger
31,82,1,1000,500,Warning,Danger
32,92,1,451,500,Warning,Danger
45,87,0,1000,500,Danger,Danger
24,48,1,345,500,Warning,Warning
32,86,0,1000,500,Warning,Danger
29,41,1,1000,500,Danger,Warning
38,92,1,1000,393,Danger,Danger
41,94,0,1000,438,Warning,Danger
24,30,0,1000,497,Safe,Warning
24,66,1,663,500,Warning,Warning
40,71,0,1000,496,Warning,Danger
31,89,0,1000,500,Warning,Danger
35,61,1,1000,500,Danger,Danger
38,76,0,1000,500,Danger,Danger
26,40,1,1000,275,Warning,Warning
45,81,1,502,500,Warning,Danger
44,75,1,608,500,Warning,Danger
43,46,0,397,500,Warning,Danger
44,94,1,1000,500,Danger,Danger
20,32,0,356,164,Safe,Warning
23,82,1,1000,500,Danger,Danger
21,38,1,1000,500,Warning,Warning
30,39,1,1000,500,Warning,Warning
24,78,0,985,500,Warning,Danger
34,48,0,1000,500,Warning,Danger
22,57,0,1000,500,Safe,Warning
45,70,0,1000,500,Warning,Danger
37,90,1,103,500,Danger,Danger
34,73,1,1000,500,Danger,Danger
32,74,0,871,354,Safe,Danger
35,41,1,1000,500,Danger,Danger
39,78,0,1000,500,Danger,Danger
38,43,0,1000,500,Warning,Danger
44,53,1,748,500,Warning,Danger
31,42,1,1000,500,Warning,Warning
32,52,1,1000,500,Warning,Warning
26,42,0,1000,500,Warning,Warning
29,61,0,1000,500,Warning,Warning
22,54,0,1000,500,Warning,Warning
29,69,1,253,500,Warning,Warning
30,54,1,1000,500,Danger,Warning
43,43,1,1000,500,Danger,Danger
28,47,1,625,500,Warning,Warning
20,94,0,1000,306,Warning,Danger
32,58,0,1000,500,Warning,Danger
27,82,0,753,500,Warning,Danger
32,54,1,1000,136,Warning,Warning
20,81,1,225,500,Warning,Danger
45,64,1,1000,500,Danger,Danger
39,83,1,1000,500,Danger,Danger
42,54,1,1000,500,Danger,Danger
30,59,0,893,500,Warning,Danger
40,52,1,1000,500,Warning,Danger
39,69,0,124,500,Warning,Danger
29,33,1,1000,500,Warning,Warning
34,32,1,1000,500,Warning,Warning
44,64,1,1000,500,Warning,Danger
38,62,1,1000,500,Danger,Danger
36,66,1,1000,500,Danger,Danger
43,62,1,672,500,Warning,Danger
22,92,1,1000,500,Danger,Danger
38,76,1,1000,500,Danger,Danger
23,91,1,1000,500,Warning,Danger
33,59,1,1000,500,Danger,Warning
20,58,0,1000,500,Warning,Warning
40,72,1,1000,500,Danger,Danger
42,51,0,610,500,Warning,Danger
37,77,1,510,500,Warning,Danger
37,71,0,468,500,Warning,Danger
38,37,1,1000,500,Danger,Danger
34,53,0,1000,337,Warning,Danger
43,39,1,1000,500,Danger,Danger
22,61,1,1000,500,Warning,Warning
30,70,1,1000,500,Warning,Danger
26,88,0,1000,481,Warning,Danger
35,51,0,1000,500,Danger,Danger
36,93,1,1000,500,Danger,Danger
36,53,1,1000,500,Danger,Danger
45,56,1,1000,500,Danger,Danger
26,90,1,1000,500,Danger,Danger
40,54,1,1000,500,Danger,Danger
36,51,1,1000,500,Warning,Danger
21,48,1,1000,500,Warning,Warning
41,69,1,198,500,Warning,Danger
35,90,1,1000,500,Danger,Danger
29,55,1,1000,364,Warning,Warning
22,78,1,1000,500,Danger,Warning
31,68,1,770,500,Warning,Danger
29,94,0,1000,500,Warning,Danger
24,44,0,1000,500,Warning,Warning
38,62,0,1000,500,Warning,Danger
23,38,0,1000,500,Warning,Warning
26,46,0,1000,500,Safe,Warning
32,95,1,1000,500,Warning,Danger
33,55,0,1000,500,Danger,Danger
36,83,1,1000,231,Danger,Danger
25,81,0,934,500,Warning,Danger
35,87,1,960,500,Danger,Danger
36,64,0,1000,500,Warning,Danger
24,95,1,1000,500,Danger,Danger
30,77,1,1000,500,Warning,Danger
28,48,0,602,500,Safe,Warning
30,42,1,1000,196,Warning,Warning
30,95,0,1000,500,Warning,Danger
30,79,0,1000,500,Warning,Danger
21,61,0,1000,500,Safe,Warning
26,68,1,334,500,Safe,Warning
33,84,0,1000,500,Warning,Danger
29,69,0,1000,500,Warning,Danger
31,79,1,1000,500,Warning,Danger
40,35,0,1000,500,Warning,Danger
24,88,1,1000,500,Warning,Danger
29,70,0,1000,500,Warning,Danger
36,70,1,1000,500,Danger,Danger
20,68,1,1000,102,Warning,Warning
27,43,1,1000,500,Warning,Warning
34,68,1,1000,500,Danger,Danger
31,40,0,879,500,Warning,Danger
30,57,1,1000,500,Warning,Warning
20,59,1,1000,359,Warning,Warning
34,49,0,1000,500,Warning,Danger
22,76,1,952,500,Warning,Warning
34,64,1,1000,500,Warning,Warning
42,83,0,1000,107,Warning,Danger
39,89,1,1000,500,Danger,Danger
27,33,1,1000,500,Warning,Warning
44,79,1,1000,500,Danger,Danger
32,44,1,621,500,Safe,Warning
26,75,1,612,500,Safe,Warning
26,39,0,1000,500,Safe,Warning
32,30,1,1000,500,Danger,Warning
32,86,0,466,500,Warning,Danger
37,32,1,1000,495,Warning,Danger
27,75,1,1000,500,Danger,Warning
31,82,1,967,500,Warning,Danger
43,77,0,1000,500,Danger,Danger
21,87,1,1000,500,Danger,Danger
40,76,1,891,330,Warning,Danger
21,36,1,1000,500,Warning,Warning
25,84,0,324,500,Warning,Danger
41,93,0,1000,500,Danger,Danger
40,82,1,1000,500,Danger,Danger
21,77,0,140,405,Safe,Warning
26,47,0,1000,500,Warning,Warning
35,65,0,1000,500,Safe,Danger
20,68,1,971,479,Safe,Warning
22,65,0,627,500,Safe,Danger
32,92,0,1000,500,Danger,Danger
37,75,0,1000,500,Warning,Danger
42,53,1,1000,500,Danger,Danger
43,92,1,1000,500,Danger,Danger
38,63,0,1000,500,Warning,Danger
45,83,0,1000,500,Warning,Danger
44,60,0,1000,500,Warning,Danger
31,45,1,626,500,Safe,Warning
29,69,0,900,500,Warning,Danger
22,72,0,1000,500,Warning,Danger
38,31,0,397,500,Warning,Danger
41,35,1,823,500,Danger,Danger
30,38,1,473,500,Warning,Warning
39,45,0,1000,101,Warning,Danger
22,94,0,601,500,Safe,Danger
22,84,1,543,500,Safe,Danger
42,80,0,526,500,Warning,Danger
41,74,1,613,500,Warning,Danger
42,83,0,1000,500,Danger,Danger
24,94,1,272,500,Warning,Danger
20,78,1,326,500,Warning,Warning
31,33,0,127,500,Safe,Warning
28,67,0,1000,500,Warning,Danger
28,61,1,1000,500,Warning,Warning
41,63,1,1000,500,Danger,Danger
36,63,0,1000,500,Warning,Danger
25,76,1,1000,500,Warning,Warning
23,89,1,1000,500,Warning,Danger
45,62,1,533,500,Warning,Danger
28,61,1,432,500,Safe,Warning
44,52,0,1000,500,Danger,Danger
41,81,0,403,500,Warning,Danger
31,45,0,1000,500,Safe,Danger
44,83,1,1000,500,Warning,Danger
35,82,0,516,500,Warning,Danger
42,70,1,1000,500,Warning,Danger
39,67,1,189,120,Safe,Warning
33,54,1,241,500,Warning,Warning
45,60,1,1000,245,Danger,Danger
29,86,1,1000,500,Danger,Danger
22,84,0,1000,500,Warning,Danger
38,63,1,1000,500,Warning,Danger
38,40,1,794,500,Warning,Danger
38,69,0,1000,500,Danger,Danger
32,61,0,1000,500,Warning,Danger
25,36,1,1000,500,Warning,Warning
34,95,1,930,500,Danger,Danger
37,75,1,456,500,Warning,Danger
40,78,1,1000,500,Danger,Danger
38,40,0,895,500,Warning,Danger
28,83,1,762,234,Safe,Danger
42,79,0,1000,500,Warning,Danger
30,62,1,844,500,Safe,Warning
40,72,1,1000,195,Danger,Danger
